id,user_id,gender,phone_number,address,date_of_birth,photo_url,created_at,updated_at
PRFL001,USR001,L,08577446660,"Jl. Ronggowarsito No. 240, Payakumbuh, RI 65043",1984-06-16,https://cdn.dummyumkm.id/photos/PRFL001.jpg,2022-07-16 18:43:51,2022-12-26 18:43:51
PRFL002,USR002,L,+628575842824,"Gang Gardujati No. 678, Sawahlunto, Sulawesi Utara 81427",1979-12-05,https://cdn.dummyumkm.id/photos/PRFL002.jpg,2022-03-26 13:09:54,2022-12-24 13:09:54
PRFL003,USR003,L,08571353465,"Gang Jayawijaya No. 17, Sibolga, Bengkulu 62115",1980-03-08,https://cdn.dummyumkm.id/photos/PRFL003.jpg,2022-12-06 08:21:40,2023-03-09 08:21:40
PRFL004,USR004,P,+628533816846,,2003-07-27,https://cdn.dummyumkm.id/photos/PRFL004.jpg,2023-11-08 01:56:29,2024-09-01 01:56:29
PRFL005,USR005,L,08135217525,"Jl. Antapani Lama No. 9, Banda Aceh, Kalimantan Selatan 87403",1994-08-30,https://cdn.dummyumkm.id/photos/PRFL005.jpg,2023-09-14 09:42:23,2024-07-01 09:42:23
PRFL006,USR006,L,08122966667,"Gang Jakarta No. 337, Blitar, Jawa Timur 84115",2000-01-07,https://cdn.dummyumkm.id/photos/PRFL006.jpg,2022-02-24 08:23:03,2022-05-16 08:23:03
PRFL007,USR007,P,08573354216,"Gg. Ahmad Dahlan No. 75, Payakumbuh, LA 65680",1976-10-21,https://cdn.dummyumkm.id/photos/PRFL007.jpg,2021-03-28 21:31:04,2021-12-24 21:31:04
PRFL008,USR008,L,08516257532,"Gang Lembong No. 78, Cimahi, RI 73777",1982-05-20,https://cdn.dummyumkm.id/photos/PRFL008.jpg,2021-04-13 19:41:24,2021-12-02 19:41:24
PRFL009,USR009,,+628131506489,"Gang Setiabudhi No. 663, Metro, Maluku Utara 85698",1984-06-29,https://cdn.dummyumkm.id/photos/PRFL009.jpg,2021-11-27 07:17:31,2022-03-15 07:17:31
PRFL010,USR010,P,08227230461,,1986-09-08,https://cdn.dummyumkm.id/photos/PRFL010.jpg,2021-08-10 22:38:20,2022-03-11 22:38:20
PRFL011,USR011,P,08533934835,"Jl. Sukabumi No. 94, Lhokseumawe, SG 15297",1991-12-11,https://cdn.dummyumkm.id/photos/PRFL011.jpg,2023-06-28 02:56:43,2023-08-27 02:56:43
PRFL012,USR012,P,,"Gg. Veteran No. 475, Mataram, Jawa Barat 43362",1992-06-21,https://cdn.dummyumkm.id/photos/PRFL012.jpg,2021-08-03 21:22:52,2022-04-06 21:22:52
PRFL013,USR013,P,,"Jl. Sukabumi No. 379, Makassar, RI 95139",1997-05-31,https://cdn.dummyumkm.id/photos/PRFL013.jpg,2021-08-26 10:20:14,2021-10-11 10:20:14
PRFL014,USR014,P,,"Jalan Tubagus Ismail No. 02, Pariaman, Nusa Tenggara Timur 71552",1973-03-23,https://cdn.dummyumkm.id/photos/PRFL014.jpg,2022-08-21 17:09:54,2023-01-19 17:09:54
PRFL015,USR015,P,08110225579,"Jalan Bangka Raya No. 905, Salatiga, ST 00784",1996-10-15,https://cdn.dummyumkm.id/photos/PRFL015.jpg,2023-05-10 09:45:22,2023-10-17 09:45:22
PRFL016,USR016,L,+628527621202,"Gg. Suniaraja No. 3, Gorontalo, Kepulauan Bangka Belitung 09213",1967-04-22,https://cdn.dummyumkm.id/photos/PRFL016.jpg,2023-04-15 03:42:17,2023-11-05 03:42:17
PRFL017,USR017,P,+628572771670,"Gang Ahmad Yani No. 397, Tebingtinggi, YO 09647",1991-07-17,https://cdn.dummyumkm.id/photos/PRFL017.jpg,2022-11-07 09:13:24,2023-05-20 09:13:24
PRFL018,USR018,L,08575889163,"Gg. Rungkut Industri No. 39, Samarinda, Sulawesi Utara 28992",1988-09-08,https://cdn.dummyumkm.id/photos/PRFL018.jpg,2022-02-14 03:51:19,2022-12-06 03:51:19
PRFL019,USR019,L,+628532175354,"Jl. Dipenogoro No. 214, Palu, BT 91778",2006-11-19,https://cdn.dummyumkm.id/photos/PRFL019.jpg,2023-08-30 08:52:51,2023-09-26 08:52:51
PRFL020,USR020,L,08537517016,"Jalan M.T Haryono No. 31, Langsa, LA 85706",1972-06-14,https://cdn.dummyumkm.id/photos/PRFL020.jpg,2022-08-04 20:31:07,2023-03-19 20:31:07
PRFL021,USR021,P,08577550375,"Gg. Lembong No. 1, Bengkulu, DI Yogyakarta 39941",2006-11-16,https://cdn.dummyumkm.id/photos/PRFL021.jpg,2021-01-01 21:19:18,2021-06-05 21:19:18
PRFL022,USR022,L,08574885102,"Gg. Jayawijaya No. 0, Makassar, BA 96981",1987-12-28,https://cdn.dummyumkm.id/photos/PRFL022.jpg,2022-04-23 16:57:27,2022-06-20 16:57:27
PRFL023,USR023,L,08533516091,"Jl. Tebet Barat Dalam No. 8, Langsa, PA 33800",1985-05-08,https://cdn.dummyumkm.id/photos/PRFL023.jpg,2021-05-14 01:23:31,2021-07-14 01:23:31
PRFL024,USR024,P,08967829221,"Gang Rajiman No. 72, Sabang, SU 52528",1977-11-06,https://cdn.dummyumkm.id/photos/PRFL024.jpg,2021-07-15 08:41:30,2021-08-08 08:41:30
PRFL025,USR025,L,08227226984,"Jl. Surapati No. 666, Salatiga, Nusa Tenggara Timur 33972",1982-11-03,https://cdn.dummyumkm.id/photos/PRFL025.jpg,2023-03-31 17:06:16,2023-08-05 17:06:16
PRFL026,USR026,L,08575228851,"Gg. Indragiri No. 66, Malang, AC 12817",2001-09-15,https://cdn.dummyumkm.id/photos/PRFL026.jpg,2023-12-08 16:07:46,2024-03-19 16:07:46
PRFL027,USR027,P,08116200342,"Jalan Raya Setiabudhi No. 7, Bima, SS 38849",1986-06-03,https://cdn.dummyumkm.id/photos/PRFL027.jpg,2022-08-04 02:07:31,2023-03-08 02:07:31
PRFL028,USR028,L,,"Gg. Jamika No. 00, Langsa, BA 42316",1970-04-05,https://cdn.dummyumkm.id/photos/PRFL028.jpg,2021-04-10 11:03:30,2021-07-23 11:03:30
PRFL029,USR029,L,08218406665,"Jalan Rungkut Industri No. 3, Pariaman, SN 85782",1990-09-02,https://cdn.dummyumkm.id/photos/PRFL029.jpg,2021-04-21 06:48:50,2021-08-13 06:48:50
PRFL030,USR030,L,08963347212,"Jalan Ciumbuleuit No. 2, Banjarmasin, SR 03993",1973-01-16,https://cdn.dummyumkm.id/photos/PRFL030.jpg,2022-05-29 07:16:01,2022-12-03 07:16:01
PRFL031,USR031,P,08220572025,"Jalan Setiabudhi No. 714, Binjai, Kalimantan Utara 36641",1989-03-12,https://cdn.dummyumkm.id/photos/PRFL031.jpg,2023-04-18 16:05:53,2023-08-31 16:05:53
PRFL032,USR032,L,08212818268,"Jl. Lembong No. 087, Dumai, Aceh 09731",1979-09-07,https://cdn.dummyumkm.id/photos/PRFL032.jpg,2022-01-13 11:35:37,2022-02-19 11:35:37
PRFL033,USR033,P,08968780157,"Jl. Monginsidi No. 07, Kota Administrasi Jakarta Timur, MA 08887",1974-12-15,https://cdn.dummyumkm.id/photos/PRFL033.jpg,2023-10-21 16:39:27,2024-04-22 16:39:27
PRFL034,USR034,P,08524840858,"Gang Suryakencana No. 105, Singkawang, MU 13900",1977-07-12,https://cdn.dummyumkm.id/photos/PRFL034.jpg,2021-03-26 03:38:53,2021-10-07 03:38:53
PRFL035,USR035,L,08111336138,"Jalan Moch. Toha No. 3, Ternate, SR 85972",1993-04-26,https://cdn.dummyumkm.id/photos/PRFL035.jpg,2022-06-12 02:07:04,2023-03-02 02:07:04
PRFL036,USR036,L,08112481934,"Jalan Sadang Serang No. 31, Binjai, BE 98454",2007-12-09,https://cdn.dummyumkm.id/photos/PRFL036.jpg,2022-11-28 21:31:31,2023-02-14 21:31:31
PRFL037,USR037,P,08961901581,"Gg. Cempaka No. 24, Parepare, Papua Barat 67907",1995-08-28,https://cdn.dummyumkm.id/photos/PRFL037.jpg,2021-04-28 02:33:08,2021-06-27 02:33:08
PRFL038,USR038,P,08136842450,"Gg. Siliwangi No. 8, Pematangsiantar, ST 78504",1980-04-08,https://cdn.dummyumkm.id/photos/PRFL038.jpg,2023-10-11 01:43:25,2023-10-26 01:43:25
PRFL039,USR039,,08585368222,"Gang R.E Martadinata No. 1, Salatiga, Sumatera Barat 34030",1996-12-02,https://cdn.dummyumkm.id/photos/PRFL039.jpg,2022-01-03 04:51:58,2022-10-10 04:51:58
PRFL040,USR040,L,+628787814141,"Jalan Merdeka No. 97, Kota Administrasi Jakarta Utara, Papua Barat 89804",1973-04-30,https://cdn.dummyumkm.id/photos/PRFL040.jpg,2021-04-02 02:05:10,2021-04-29 02:05:10
PRFL041,USR041,L,,"Gg. Kendalsari No. 507, Purwokerto, KT 18341",2002-11-15,https://cdn.dummyumkm.id/photos/PRFL041.jpg,2022-12-08 19:56:29,2023-01-28 19:56:29
PRFL042,USR042,P,08516205336,"Gang Veteran No. 1, Pekalongan, SU 37117",1998-02-13,https://cdn.dummyumkm.id/photos/PRFL042.jpg,2023-05-14 08:32:41,2024-03-08 08:32:41
PRFL043,USR043,L,08579142834,"Jalan Indragiri No. 54, Kota Administrasi Jakarta Pusat, KI 41801",1993-09-30,https://cdn.dummyumkm.id/photos/PRFL043.jpg,2021-04-01 20:24:54,2021-09-04 20:24:54
PRFL044,USR044,L,08210848872,"Gg. M.H Thamrin No. 28, Cilegon, SB 40652",2003-03-06,https://cdn.dummyumkm.id/photos/PRFL044.jpg,2021-03-19 21:26:30,2022-01-10 21:26:30
PRFL045,USR045,L,,"Gg. Sukabumi No. 4, Singkawang, Gorontalo 81375",1990-08-03,https://cdn.dummyumkm.id/photos/PRFL045.jpg,2021-03-30 08:37:27,2021-10-19 08:37:27
PRFL046,USR046,P,08137503731,"Gang Laswi No. 01, Solok, Papua Barat 98557",1971-04-24,https://cdn.dummyumkm.id/photos/PRFL046.jpg,2021-04-16 13:45:52,2021-07-16 13:45:52
PRFL047,USR047,L,,"Jalan Pasirkoja No. 9, Samarinda, JT 30926",1984-02-24,https://cdn.dummyumkm.id/photos/PRFL047.jpg,2023-06-04 23:02:19,2024-01-22 23:02:19
PRFL048,USR048,P,08789266591,"Jalan Sadang Serang No. 982, Singkawang, Sulawesi Barat 39104",2000-11-21,https://cdn.dummyumkm.id/photos/PRFL048.jpg,2023-06-26 16:52:48,2023-11-13 16:52:48
PRFL049,USR049,L,08960827231,"Jalan Jend. A. Yani No. 0, Pematangsiantar, JI 82201",1979-11-25,https://cdn.dummyumkm.id/photos/PRFL049.jpg,2022-05-04 01:37:24,2022-10-27 01:37:24
PRFL050,USR050,P,08511777392,"Jalan Pacuan Kuda No. 82, Manado, Kalimantan Selatan 14823",2003-11-12,https://cdn.dummyumkm.id/photos/PRFL050.jpg,2022-12-12 06:34:03,2023-02-10 06:34:03
PRFL051,USR051,,08138699041,"Jalan Pelajar Pejuang No. 411, Malang, Riau 30643",1988-05-10,https://cdn.dummyumkm.id/photos/PRFL051.jpg,2023-05-25 13:55:27,2024-02-11 13:55:27
PRFL052,USR052,P,08139842579,"Jalan Kendalsari No. 398, Tarakan, Sulawesi Tengah 72198",1998-09-09,https://cdn.dummyumkm.id/photos/PRFL052.jpg,2022-06-27 03:59:32,2023-01-23 03:59:32
PRFL053,USR053,P,08961279908,"Jl. PHH. Mustofa No. 70, Dumai, Banten 00945",1970-06-30,https://cdn.dummyumkm.id/photos/PRFL053.jpg,2022-11-12 16:42:17,2023-07-28 16:42:17
PRFL054,USR054,L,08576865086,"Gg. Cempaka No. 13, Kota Administrasi Jakarta Utara, JT 48417",2006-06-11,https://cdn.dummyumkm.id/photos/PRFL054.jpg,2023-10-13 22:00:15,2023-10-13 22:00:15
PRFL055,USR055,P,08124986430,"Jl. Kendalsari No. 14, Jambi, Sulawesi Utara 53555",1998-04-25,https://cdn.dummyumkm.id/photos/PRFL055.jpg,2021-06-10 21:59:04,2022-03-31 21:59:04
PRFL056,USR056,L,08529448695,"Jl. Cikapayang No. 2, Sungai Penuh, Papua 32747",1978-09-04,https://cdn.dummyumkm.id/photos/PRFL056.jpg,2023-05-10 09:40:20,2023-10-18 09:40:20
PRFL057,USR057,P,08787449562,"Gang Jend. A. Yani No. 55, Mojokerto, DKI Jakarta 64400",1970-07-14,https://cdn.dummyumkm.id/photos/PRFL057.jpg,2021-11-13 06:39:28,2022-08-25 06:39:28
PRFL058,USR058,L,08518902601,"Jalan Peta No. 008, Sungai Penuh, Bali 83369",2004-08-12,https://cdn.dummyumkm.id/photos/PRFL058.jpg,2021-03-20 21:55:12,2021-05-10 21:55:12
PRFL059,USR059,P,08529849027,"Jalan Astana Anyar No. 9, Dumai, KR 39971",1995-06-06,https://cdn.dummyumkm.id/photos/PRFL059.jpg,2022-06-03 03:53:20,2022-07-13 03:53:20
PRFL060,USR060,P,08513021465,"Gg. Dr. Djunjunan No. 22, Singkawang, SN 56057",1988-03-13,https://cdn.dummyumkm.id/photos/PRFL060.jpg,2022-11-18 08:49:18,2023-03-16 08:49:18
PRFL061,USR061,P,08789554393,"Gg. Raya Setiabudhi No. 781, Palu, KS 67495",1995-03-14,https://cdn.dummyumkm.id/photos/PRFL061.jpg,2023-12-10 11:04:43,2024-01-25 11:04:43
PRFL062,USR062,P,08228947697,"Jl. Moch. Toha No. 5, Gorontalo, DI Yogyakarta 66906",1983-11-16,https://cdn.dummyumkm.id/photos/PRFL062.jpg,2021-08-19 01:20:11,2022-06-01 01:20:11
PRFL063,USR063,L,08213565880,"Gang Stasiun Wonokromo No. 03, Meulaboh, JI 15722",1999-07-13,https://cdn.dummyumkm.id/photos/PRFL063.jpg,2021-03-03 23:23:19,2021-11-04 23:23:19
PRFL064,USR064,L,08219423733,"Jalan Sukabumi No. 614, Metro, BE 32357",1971-05-22,https://cdn.dummyumkm.id/photos/PRFL064.jpg,2022-07-04 10:05:42,2022-12-26 10:05:42
PRFL065,USR065,P,08127908075,"Gang Pacuan Kuda No. 348, Banjarmasin, PB 02196",1982-06-24,https://cdn.dummyumkm.id/photos/PRFL065.jpg,2021-08-29 02:09:57,2022-02-27 02:09:57
PRFL066,USR066,P,08786780856,"Gg. Ciwastra No. 4, Ambon, ST 98681",1973-09-17,https://cdn.dummyumkm.id/photos/PRFL066.jpg,2021-10-03 00:59:26,2022-01-24 00:59:26
PRFL067,USR067,P,,"Gg. Joyoboyo No. 973, Pematangsiantar, Banten 43043",2001-03-06,https://cdn.dummyumkm.id/photos/PRFL067.jpg,2022-10-02 13:46:45,2023-03-12 13:46:45
PRFL068,USR068,P,08539552763,"Jalan Cikapayang No. 8, Padang, KB 52367",2001-01-28,https://cdn.dummyumkm.id/photos/PRFL068.jpg,2021-09-05 07:19:32,2021-12-09 07:19:32
PRFL069,USR069,L,+628211438663,"Gang Cempaka No. 47, Serang, BB 47850",2000-12-03,https://cdn.dummyumkm.id/photos/PRFL069.jpg,2023-01-02 04:35:45,2023-10-21 04:35:45
PRFL070,USR070,P,08578857448,"Gang Dipenogoro No. 04, Magelang, JT 86616",2007-10-31,https://cdn.dummyumkm.id/photos/PRFL070.jpg,2021-12-20 13:22:29,2022-09-01 13:22:29
PRFL071,USR071,P,08535455884,"Gang Jend. Sudirman No. 009, Tual, BE 89877",1969-09-21,https://cdn.dummyumkm.id/photos/PRFL071.jpg,2021-04-18 20:11:35,2021-08-26 20:11:35
PRFL072,USR072,P,08225587716,"Gg. Cikutra Barat No. 113, Kupang, JA 61766",1965-06-13,https://cdn.dummyumkm.id/photos/PRFL072.jpg,2023-11-22 14:16:17,2024-09-11 14:16:17
PRFL073,USR073,L,08521125355,"Jl. Kebonjati No. 73, Singkawang, JT 97835",1977-02-16,https://cdn.dummyumkm.id/photos/PRFL073.jpg,2022-02-10 18:48:30,2022-08-01 18:48:30
PRFL074,USR074,P,08536220234,"Jl. KH Amin Jasuta No. 037, Probolinggo, Kalimantan Utara 33772",1967-06-04,https://cdn.dummyumkm.id/photos/PRFL074.jpg,2023-07-16 17:47:18,2024-01-17 17:47:18
PRFL075,USR075,L,+628110681149,"Jl. KH Amin Jasuta No. 489, Kota Administrasi Jakarta Selatan, Riau 26332",1994-02-04,https://cdn.dummyumkm.id/photos/PRFL075.jpg,2023-03-06 11:14:01,2023-04-07 11:14:01
PRFL076,USR076,P,08130055778,"Gang Pasir Koja No. 277, Bau-Bau, NT 81811",1976-09-26,https://cdn.dummyumkm.id/photos/PRFL076.jpg,2022-11-09 09:24:09,2023-06-23 09:24:09
PRFL077,USR077,P,08966884578,"Gg. Ciwastra No. 55, Medan, Gorontalo 41380",1992-09-25,https://cdn.dummyumkm.id/photos/PRFL077.jpg,2023-11-08 18:50:34,2024-06-28 18:50:34
PRFL078,USR078,P,08538077406,"Gang Waringin No. 10, Kediri, SR 46990",1974-04-23,https://cdn.dummyumkm.id/photos/PRFL078.jpg,2022-05-28 22:44:58,2022-06-02 22:44:58
PRFL079,USR079,L,08586634163,"Jalan Stasiun Wonokromo No. 390, Medan, Kalimantan Selatan 28371",1971-08-27,https://cdn.dummyumkm.id/photos/PRFL079.jpg,2022-04-12 12:49:32,2023-01-24 12:49:32
PRFL080,USR080,P,08132417974,"Gg. Ahmad Dahlan No. 662, Tegal, SU 53831",1977-11-09,https://cdn.dummyumkm.id/photos/PRFL080.jpg,2022-04-05 06:49:29,2022-08-20 06:49:29
PRFL081,USR081,,08580312073,,1969-04-04,https://cdn.dummyumkm.id/photos/PRFL081.jpg,2023-11-19 04:14:35,2024-04-11 04:14:35
PRFL082,USR082,P,+628130461872,"Gang Cikutra Timur No. 25, Bandung, SG 48047",1973-10-26,https://cdn.dummyumkm.id/photos/PRFL082.jpg,2023-05-02 04:34:47,2023-05-18 04:34:47
PRFL083,USR083,P,08210371837,"Gg. Medokan Ayu No. 5, Payakumbuh, NB 87791",1967-04-17,https://cdn.dummyumkm.id/photos/PRFL083.jpg,2023-08-01 09:58:57,2023-12-06 09:58:57
PRFL084,USR084,P,08223503136,,1997-11-24,https://cdn.dummyumkm.id/photos/PRFL084.jpg,2023-03-06 01:56:52,2023-11-27 01:56:52
PRFL085,USR085,P,08587925132,"Jalan Pasteur No. 29, Padangpanjang, Bali 24096",1983-08-27,https://cdn.dummyumkm.id/photos/PRFL085.jpg,2023-10-21 11:44:10,2023-10-25 11:44:10
PRFL086,USR086,L,08781273585,"Jl. Sentot Alibasa No. 558, Sungai Penuh, Sulawesi Tengah 65697",1984-01-08,https://cdn.dummyumkm.id/photos/PRFL086.jpg,2021-05-26 01:43:37,2021-06-25 01:43:37
PRFL087,USR087,,08538487392,"Jalan S. Parman No. 3, Ternate, Sulawesi Barat 49732",1969-07-17,https://cdn.dummyumkm.id/photos/PRFL087.jpg,2021-11-06 08:06:07,2022-03-14 08:06:07
PRFL088,USR088,L,08534485708,"Gang W.R. Supratman No. 28, Parepare, NT 00963",1965-08-13,https://cdn.dummyumkm.id/photos/PRFL088.jpg,2021-04-24 03:13:59,2022-02-01 03:13:59
PRFL089,USR089,P,,"Gg. Jakarta No. 6, Pasuruan, JT 81541",1997-10-21,https://cdn.dummyumkm.id/photos/PRFL089.jpg,2023-12-18 17:58:05,2024-04-18 17:58:05
PRFL090,USR090,P,+628525118102,"Gg. Suniaraja No. 7, Padang Sidempuan, Papua Barat 15383",2002-10-15,https://cdn.dummyumkm.id/photos/PRFL090.jpg,2021-01-09 14:43:32,2021-10-18 14:43:32
PRFL091,USR091,P,+628589405391,,2007-12-22,https://cdn.dummyumkm.id/photos/PRFL091.jpg,2022-10-23 10:35:56,2023-05-09 10:35:56
PRFL092,USR092,P,08525094801,"Gg. Ahmad Yani No. 01, Lhokseumawe, Bali 44960",1967-01-08,https://cdn.dummyumkm.id/photos/PRFL092.jpg,2021-03-20 00:16:37,2021-04-20 00:16:37
PRFL093,USR093,P,08783928861,"Gang Sukajadi No. 0, Mojokerto, Jawa Tengah 77948",1970-07-26,https://cdn.dummyumkm.id/photos/PRFL093.jpg,2022-12-23 19:09:19,2023-04-20 19:09:19
PRFL094,USR094,P,08785289755,"Gang PHH. Mustofa No. 960, Tanjungpinang, SU 20150",1975-05-17,https://cdn.dummyumkm.id/photos/PRFL094.jpg,2022-11-19 12:19:59,2023-02-12 12:19:59
PRFL095,USR095,P,+628216845776,"Gang Monginsidi No. 2, Tanjungpinang, Kalimantan Tengah 28577",1968-03-18,https://cdn.dummyumkm.id/photos/PRFL095.jpg,2023-05-02 02:08:48,2023-10-14 02:08:48
PRFL096,USR096,L,+628114888992,"Jalan Siliwangi No. 4, Batam, Gorontalo 16401",1982-10-02,https://cdn.dummyumkm.id/photos/PRFL096.jpg,2022-02-07 15:21:40,2022-07-11 15:21:40
PRFL097,USR097,L,+628129693157,"Gg. Sentot Alibasa No. 9, Parepare, Banten 41386",1976-05-21,https://cdn.dummyumkm.id/photos/PRFL097.jpg,2023-03-21 19:27:56,2023-07-26 19:27:56
PRFL098,USR098,L,08515661390,-,1970-04-02,https://cdn.dummyumkm.id/photos/PRFL098.jpg,2022-03-20 20:43:03,2023-01-09 20:43:03
PRFL099,USR099,L,+628212067998,"Jalan Cikapayang No. 565, Bekasi, Sumatera Selatan 64125",1990-09-23,https://cdn.dummyumkm.id/photos/PRFL099.jpg,2021-08-03 22:57:32,2022-05-19 22:57:32
PRFL100,USR100,P,08221686227,"Gg. Kutisari Selatan No. 356, Jambi, Nusa Tenggara Timur 18866",2000-01-13,https://cdn.dummyumkm.id/photos/PRFL100.jpg,2021-04-10 18:37:30,2022-01-27 18:37:30
PRFL101,USR101,P,08961166553,"Jalan Gegerkalong Hilir No. 5, Kediri, Jawa Timur 17015",1995-07-01,https://cdn.dummyumkm.id/photos/PRFL101.jpg,2021-11-18 07:20:41,2022-03-22 07:20:41
PRFL102,USR102,P,08213521103,"Jl. Cihampelas No. 2, Denpasar, JB 66159",1974-12-29,https://cdn.dummyumkm.id/photos/PRFL102.jpg,2023-12-17 10:58:35,2024-07-30 10:58:35
PRFL103,USR103,,08788487920,"Gg. W.R. Supratman No. 3, Semarang, Maluku Utara 88551",2007-09-10,https://cdn.dummyumkm.id/photos/PRFL103.jpg,2021-01-10 03:49:18,2021-09-08 03:49:18
PRFL104,USR104,L,,"Gang Raya Setiabudhi No. 0, Serang, Kalimantan Selatan 66736",2001-05-16,https://cdn.dummyumkm.id/photos/PRFL104.jpg,2022-10-13 22:14:44,2023-02-28 22:14:44
PRFL105,USR105,L,+628581579812,"Jl. Joyoboyo No. 8, Pangkalpinang, Sulawesi Selatan 46372",2001-08-27,https://cdn.dummyumkm.id/photos/PRFL105.jpg,2021-12-09 14:16:42,2022-06-24 14:16:42
PRFL106,USR106,,,"Jl. Sentot Alibasa No. 849, Padang Sidempuan, KI 44403",1981-02-27,https://cdn.dummyumkm.id/photos/PRFL106.jpg,2023-11-06 01:24:57,2024-05-25 01:24:57
PRFL107,USR107,L,,"Jl. Cihampelas No. 91, Pekanbaru, KS 98678",1993-04-03,https://cdn.dummyumkm.id/photos/PRFL107.jpg,2021-07-18 06:18:32,2022-03-31 06:18:32
PRFL108,USR108,P,08522168936,"Gg. Kutai No. 040, Surakarta, DKI Jakarta 95084",1998-11-02,https://cdn.dummyumkm.id/photos/PRFL108.jpg,2023-10-27 22:25:21,2024-03-18 22:25:21
PRFL109,USR109,L,08783248262,"Jalan Moch. Ramdan No. 190, Palopo, NT 20742",1978-01-21,https://cdn.dummyumkm.id/photos/PRFL109.jpg,2021-10-10 07:20:57,2021-12-16 07:20:57
PRFL110,USR110,P,+628130566474,"Jalan Indragiri No. 16, Lhokseumawe, MU 56043",1979-11-21,https://cdn.dummyumkm.id/photos/PRFL110.jpg,2022-06-09 06:55:56,2022-08-08 06:55:56
PRFL111,USR111,L,08963305172,"Gang M.T Haryono No. 2, Banjar, Maluku Utara 38668",1981-12-13,https://cdn.dummyumkm.id/photos/PRFL111.jpg,2022-10-17 21:04:33,2023-03-02 21:04:33
PRFL112,USR112,P,+628520463331,"Gg. Ciumbuleuit No. 19, Gorontalo, PB 05533",1976-10-11,https://cdn.dummyumkm.id/photos/PRFL112.jpg,2021-03-22 21:53:31,2021-05-31 21:53:31
PRFL113,USR113,L,08119656999,"Jl. Gedebage Selatan No. 874, Kota Administrasi Jakarta Timur, ST 95800",2004-02-08,https://cdn.dummyumkm.id/photos/PRFL113.jpg,2023-10-10 11:10:29,2024-05-31 11:10:29
PRFL114,USR114,L,08786086803,"Gang Bangka Raya No. 1, Tanjungpinang, ST 33143",1989-08-18,https://cdn.dummyumkm.id/photos/PRFL114.jpg,2021-02-01 15:49:19,2021-02-22 15:49:19
PRFL115,USR115,L,+628588277181,"Jalan Dipatiukur No. 077, Payakumbuh, KR 13428",1989-12-15,https://cdn.dummyumkm.id/photos/PRFL115.jpg,2023-05-27 02:18:35,2023-12-29 02:18:35
PRFL116,USR116,P,+628217145211,"Gang Dipatiukur No. 57, Prabumulih, KT 30985",1972-10-26,https://cdn.dummyumkm.id/photos/PRFL116.jpg,2021-09-18 15:37:57,2021-12-18 15:37:57
PRFL117,USR117,P,08786025922,"Jl. Sentot Alibasa No. 303, Kota Administrasi Jakarta Pusat, Aceh 76583",1975-02-02,https://cdn.dummyumkm.id/photos/PRFL117.jpg,2021-09-12 09:37:54,2022-05-31 09:37:54
PRFL118,USR118,L,08133094077,"Jalan K.H. Wahid Hasyim No. 044, Kota Administrasi Jakarta Timur, NB 08848",2007-07-08,https://cdn.dummyumkm.id/photos/PRFL118.jpg,2023-06-14 11:15:28,2024-01-28 11:15:28
PRFL119,USR119,P,08969038498,"Jl. Bangka Raya No. 3, Bandung, Jambi 13813",1986-04-17,https://cdn.dummyumkm.id/photos/PRFL119.jpg,2021-11-05 02:16:12,2022-07-06 02:16:12
PRFL120,USR120,L,+628964510162,"Jalan Siliwangi No. 39, Padang Sidempuan, MU 67070",2003-07-05,https://cdn.dummyumkm.id/photos/PRFL120.jpg,2023-12-20 01:14:20,2024-03-03 01:14:20
PRFL121,USR121,P,08126814721,"Gg. Suniaraja No. 367, Bengkulu, Maluku 51614",1986-01-28,https://cdn.dummyumkm.id/photos/PRFL121.jpg,2023-05-30 03:29:41,2023-06-17 03:29:41
PRFL122,USR122,P,08127946954,"Jalan Rajawali Timur No. 7, Padang, SU 94149",1992-05-26,https://cdn.dummyumkm.id/photos/PRFL122.jpg,2021-04-18 02:53:36,2021-05-17 02:53:36
PRFL123,USR123,P,08139343010,"Gg. Wonoayu No. 16, Malang, BB 63984",1989-06-06,https://cdn.dummyumkm.id/photos/PRFL123.jpg,2021-06-13 22:46:27,2022-03-06 22:46:27
PRFL124,USR124,L,08210344144,"Gang Abdul Muis No. 1, Magelang, Sumatera Barat 64576",1998-10-24,https://cdn.dummyumkm.id/photos/PRFL124.jpg,2021-08-26 15:55:24,2022-02-12 15:55:24
PRFL125,USR125,P,,"Gg. Pelajar Pejuang No. 33, Gorontalo, Sumatera Selatan 46244",1991-03-09,https://cdn.dummyumkm.id/photos/PRFL125.jpg,2023-08-15 18:52:36,2024-06-01 18:52:36
PRFL126,USR126,P,08532785760,"Gang Erlangga No. 012, Banjar, Kepulauan Riau 23116",1978-10-30,https://cdn.dummyumkm.id/photos/PRFL126.jpg,2023-07-10 09:03:17,2024-03-08 09:03:17
PRFL127,USR127,P,08511240568,"Jalan Merdeka No. 40, Magelang, AC 56345",1965-09-11,https://cdn.dummyumkm.id/photos/PRFL127.jpg,2022-03-10 07:11:55,2022-08-26 07:11:55
PRFL128,USR128,P,08114617357,"Gang Dr. Djunjunan No. 26, Pekanbaru, JB 95968",2002-07-28,https://cdn.dummyumkm.id/photos/PRFL128.jpg,2023-11-04 23:52:18,2024-04-09 23:52:18
PRFL129,USR129,P,08117823578,"Jalan Abdul Muis No. 2, Padang Sidempuan, Lampung 46126",1973-07-26,https://cdn.dummyumkm.id/photos/PRFL129.jpg,2023-01-28 09:10:44,2023-05-11 09:10:44
PRFL130,USR130,L,,"Gg. Kutisari Selatan No. 128, Sungai Penuh, LA 17427",1970-06-08,https://cdn.dummyumkm.id/photos/PRFL130.jpg,2023-07-16 02:16:10,2023-09-21 02:16:10
PRFL131,USR131,,08128409435,"Gg. Ir. H. Djuanda No. 0, Cilegon, PA 34377",2006-02-17,https://cdn.dummyumkm.id/photos/PRFL131.jpg,2021-10-24 19:05:59,2021-12-07 19:05:59
PRFL132,USR132,L,08968813858,"Gg. Kiaracondong No. 466, Kota Administrasi Jakarta Selatan, NB 60405",1983-11-16,https://cdn.dummyumkm.id/photos/PRFL132.jpg,2022-01-09 07:55:32,2022-03-26 07:55:32
PRFL133,USR133,P,,"Gang Abdul Muis No. 0, Malang, Sulawesi Tenggara 27330",1970-12-09,https://cdn.dummyumkm.id/photos/PRFL133.jpg,2021-01-27 18:52:31,2021-07-19 18:52:31
PRFL134,USR134,L,+628967954538,"Gg. Asia Afrika No. 4, Sawahlunto, Maluku Utara 38330",2005-02-16,https://cdn.dummyumkm.id/photos/PRFL134.jpg,2023-10-29 10:13:25,2024-05-16 10:13:25
PRFL135,USR135,L,08537332945,"Jl. Cempaka No. 4, Kediri, Kepulauan Riau 91641",1969-04-17,https://cdn.dummyumkm.id/photos/PRFL135.jpg,2023-05-05 23:58:10,2023-12-30 23:58:10
PRFL136,USR136,L,08134599281,"Jl. Medokan Ayu No. 9, Banjarmasin, Sulawesi Selatan 54246",2005-07-24,https://cdn.dummyumkm.id/photos/PRFL136.jpg,2021-12-25 03:04:52,2022-01-09 03:04:52
PRFL137,USR137,L,+628523938276,"Gang Sukajadi No. 424, Prabumulih, Kalimantan Tengah 06392",1977-10-16,https://cdn.dummyumkm.id/photos/PRFL137.jpg,2023-12-09 03:09:44,2024-05-11 03:09:44
PRFL138,USR138,P,08571971997,"Gang Ahmad Dahlan No. 597, Denpasar, KB 79227",1976-09-10,https://cdn.dummyumkm.id/photos/PRFL138.jpg,2023-07-05 21:23:34,2023-12-27 21:23:34
PRFL139,USR139,P,08525701329,"Jalan Rajiman No. 36, Kota Administrasi Jakarta Utara, JI 14142",1993-02-19,https://cdn.dummyumkm.id/photos/PRFL139.jpg,2021-10-29 13:13:40,2021-12-23 13:13:40
PRFL140,USR140,L,08533354946,"Jl. Kendalsari No. 017, Pekanbaru, Kalimantan Timur 72166",1975-08-06,https://cdn.dummyumkm.id/photos/PRFL140.jpg,2021-07-16 15:21:17,2022-04-14 15:21:17
PRFL141,USR141,L,08115800851,"Jalan Stasiun Wonokromo No. 494, Solok, Nusa Tenggara Timur 03593",1987-11-01,https://cdn.dummyumkm.id/photos/PRFL141.jpg,2021-07-16 04:02:26,2022-02-07 04:02:26
PRFL142,USR142,P,08528327238,"Gg. PHH. Mustofa No. 38, Cirebon, Gorontalo 48643",2004-11-30,https://cdn.dummyumkm.id/photos/PRFL142.jpg,2023-06-11 18:39:55,2023-11-20 18:39:55
PRFL143,USR143,L,08576212679,"Jl. Stasiun Wonokromo No. 7, Lhokseumawe, KI 84448",1983-05-05,https://cdn.dummyumkm.id/photos/PRFL143.jpg,2021-03-21 19:27:46,2021-03-26 19:27:46
PRFL144,USR144,L,08960973846,"Gang Erlangga No. 1, Surakarta, DKI Jakarta 14321",1969-10-10,https://cdn.dummyumkm.id/photos/PRFL144.jpg,2022-09-15 11:27:22,2023-03-30 11:27:22
PRFL145,USR145,P,+628588478189,"Gg. Kiaracondong No. 15, Pasuruan, SU 72927",1981-06-26,https://cdn.dummyumkm.id/photos/PRFL145.jpg,2021-08-20 18:29:20,2022-02-24 18:29:20
PRFL146,USR146,L,08780778795,"Jl. Kutai No. 3, Bau-Bau, Sulawesi Utara 43205",1985-12-08,https://cdn.dummyumkm.id/photos/PRFL146.jpg,2021-07-04 00:11:39,2021-12-10 00:11:39
PRFL147,USR147,L,+628117929049,"Gg. Cihampelas No. 6, Samarinda, MU 02789",1982-01-20,https://cdn.dummyumkm.id/photos/PRFL147.jpg,2021-12-17 14:13:34,2022-05-21 14:13:34
PRFL148,USR148,P,08581929275,"Gang Antapani Lama No. 29, Binjai, JI 83162",1994-04-13,https://cdn.dummyumkm.id/photos/PRFL148.jpg,2023-07-04 05:48:26,2023-11-24 05:48:26
PRFL149,USR149,P,08962766372,"Gang Rawamangun No. 45, Palembang, PB 78281",1972-04-15,https://cdn.dummyumkm.id/photos/PRFL149.jpg,2021-06-04 03:41:44,2021-11-26 03:41:44
PRFL150,USR150,L,08588366742,"Jalan Kiaracondong No. 49, Purwokerto, Bali 27350",1981-03-11,https://cdn.dummyumkm.id/photos/PRFL150.jpg,2021-05-07 02:53:17,2021-07-05 02:53:17
PRFL151,USR151,P,08111856945,"Jl. Sentot Alibasa No. 7, Kota Administrasi Jakarta Selatan, Jawa Timur 62783",1984-02-27,https://cdn.dummyumkm.id/photos/PRFL151.jpg,2022-09-27 14:38:20,2023-03-07 14:38:20
PRFL152,USR152,L,08218525800,"Jl. Suniaraja No. 7, Padangpanjang, Papua 88029",2003-11-18,https://cdn.dummyumkm.id/photos/PRFL152.jpg,2022-03-24 13:19:43,2022-07-25 13:19:43
PRFL153,USR153,P,08110910939,"Jalan PHH. Mustofa No. 81, Pariaman, BT 77344",1998-08-21,https://cdn.dummyumkm.id/photos/PRFL153.jpg,2021-12-29 14:40:12,2022-04-20 14:40:12
PRFL154,USR154,L,08122447174,"Gg. S. Parman No. 50, Batam, KR 71557",2000-10-09,https://cdn.dummyumkm.id/photos/PRFL154.jpg,2021-11-04 07:14:05,2022-08-20 07:14:05
PRFL155,USR155,L,08114427173,"Gang K.H. Wahid Hasyim No. 8, Blitar, SU 01144",1993-06-24,https://cdn.dummyumkm.id/photos/PRFL155.jpg,2022-02-17 15:29:46,2022-03-20 15:29:46
PRFL156,USR156,P,08534101194,"Jl. Peta No. 910, Pekanbaru, Jawa Tengah 91165",2003-07-07,https://cdn.dummyumkm.id/photos/PRFL156.jpg,2023-07-14 08:50:58,2023-11-02 08:50:58
PRFL157,USR157,P,08529087766,,2006-12-14,https://cdn.dummyumkm.id/photos/PRFL157.jpg,2022-12-30 02:19:36,2023-07-17 02:19:36
PRFL158,USR158,L,08515460158,"Gg. BKR No. 5, Sorong, Aceh 70941",1993-08-12,https://cdn.dummyumkm.id/photos/PRFL158.jpg,2023-04-19 19:58:18,2023-12-21 19:58:18
PRFL159,USR159,P,08573461571,"Gang HOS. Cokroaminoto No. 0, Banjar, DI Yogyakarta 59567",1996-09-20,https://cdn.dummyumkm.id/photos/PRFL159.jpg,2022-05-16 17:01:10,2022-08-14 17:01:10
PRFL160,USR160,P,,,2004-04-08,https://cdn.dummyumkm.id/photos/PRFL160.jpg,2023-06-13 12:58:37,2023-10-13 12:58:37
PRFL161,USR161,L,08521387829,"Gg. Pelajar Pejuang No. 959, Mataram, NB 03436",1968-01-18,https://cdn.dummyumkm.id/photos/PRFL161.jpg,2022-02-23 16:05:57,2022-03-03 16:05:57
PRFL162,USR162,P,08112041792,"Jl. Gedebage Selatan No. 920, Samarinda, Papua 26582",1983-02-18,https://cdn.dummyumkm.id/photos/PRFL162.jpg,2023-10-10 02:02:03,2023-11-02 02:02:03
PRFL163,USR163,L,08586519825,"Jalan Pasteur No. 7, Sibolga, Kepulauan Bangka Belitung 54162",2007-09-11,https://cdn.dummyumkm.id/photos/PRFL163.jpg,2023-09-14 02:29:22,2024-01-04 02:29:22
PRFL164,USR164,L,+628585827390,"Jalan Sentot Alibasa No. 9, Banjar, Kalimantan Selatan 38338",1978-07-06,https://cdn.dummyumkm.id/photos/PRFL164.jpg,2022-06-02 18:38:15,2022-10-20 18:38:15
PRFL165,USR165,L,08964672324,"Gg. Suniaraja No. 97, Tanjungpinang, Nusa Tenggara Timur 41194",1989-10-23,https://cdn.dummyumkm.id/photos/PRFL165.jpg,2023-12-14 14:01:44,2024-01-24 14:01:44
PRFL166,USR166,P,08225608331,"Jl. Ir. H. Djuanda No. 388, Palopo, AC 24552",1965-02-27,https://cdn.dummyumkm.id/photos/PRFL166.jpg,2023-05-05 13:05:17,2024-01-15 13:05:17
PRFL167,USR167,L,+628220312772,"Gang KH Amin Jasuta No. 343, Sungai Penuh, Jambi 51772",1967-07-18,https://cdn.dummyumkm.id/photos/PRFL167.jpg,2022-09-20 20:44:17,2023-05-15 20:44:17
PRFL168,USR168,L,08530108220,"Gang Pasir Koja No. 385, Cimahi, JT 61517",1983-04-02,https://cdn.dummyumkm.id/photos/PRFL168.jpg,2023-04-23 21:21:19,2023-08-29 21:21:19
PRFL169,USR169,L,08513153136,"Jl. BKR No. 590, Mojokerto, Jawa Timur 60855",1989-12-27,https://cdn.dummyumkm.id/photos/PRFL169.jpg,2023-02-14 09:10:11,2023-09-16 09:10:11
PRFL170,USR170,L,08532652735,"Jl. M.H Thamrin No. 4, Palu, JA 86693",1999-03-03,https://cdn.dummyumkm.id/photos/PRFL170.jpg,2021-07-23 12:31:37,2022-03-03 12:31:37
PRFL171,USR171,,08135349292,"Jl. Raya Setiabudhi No. 4, Padangpanjang, SN 96231",1974-06-08,https://cdn.dummyumkm.id/photos/PRFL171.jpg,2021-02-14 20:19:50,2021-04-11 20:19:50
PRFL172,USR172,P,08220633569,"Jalan Dr. Djunjunan No. 6, Ternate, KU 62479",1982-05-06,https://cdn.dummyumkm.id/photos/PRFL172.jpg,2022-04-28 17:36:17,2022-08-16 17:36:17
PRFL173,USR173,P,,"Jalan Tubagus Ismail No. 826, Kota Administrasi Jakarta Barat, Riau 51112",1990-08-04,https://cdn.dummyumkm.id/photos/PRFL173.jpg,2021-06-26 06:08:13,2021-07-18 06:08:13
PRFL174,USR174,L,+628116325431,"Jalan Pacuan Kuda No. 26, Balikpapan, Kalimantan Tengah 28963",1988-01-24,https://cdn.dummyumkm.id/photos/PRFL174.jpg,2022-03-30 09:23:15,2022-11-16 09:23:15
PRFL175,USR175,L,08136257016,"Jl. Tebet Barat Dalam No. 187, Salatiga, Kepulauan Bangka Belitung 28458",1978-01-05,https://cdn.dummyumkm.id/photos/PRFL175.jpg,2023-01-04 13:37:46,2023-01-16 13:37:46
PRFL176,USR176,P,+628571950850,"Jalan Cikapayang No. 49, Kota Administrasi Jakarta Selatan, JA 80605",2002-10-31,https://cdn.dummyumkm.id/photos/PRFL176.jpg,2023-07-21 02:24:59,2024-04-23 02:24:59
PRFL177,USR177,L,08135381793,"Jalan Sentot Alibasa No. 30, Malang, SS 81276",1990-01-17,https://cdn.dummyumkm.id/photos/PRFL177.jpg,2022-10-07 14:10:29,2022-11-10 14:10:29
PRFL178,USR178,L,,"Jalan Tubagus Ismail No. 65, Probolinggo, BB 81978",1982-10-29,https://cdn.dummyumkm.id/photos/PRFL178.jpg,2022-03-16 09:00:05,2022-10-18 09:00:05
PRFL179,USR179,P,+628227951371,"Gg. Setiabudhi No. 0, Langsa, Sumatera Utara 64028",1967-07-26,https://cdn.dummyumkm.id/photos/PRFL179.jpg,2023-01-31 15:06:54,2023-10-30 15:06:54
PRFL180,USR180,P,08780468275,"Gang Astana Anyar No. 65, Bontang, NT 17954",1980-11-10,https://cdn.dummyumkm.id/photos/PRFL180.jpg,2023-05-08 08:58:21,2023-09-26 08:58:21
PRFL181,USR181,L,08516955798,-,1976-12-21,https://cdn.dummyumkm.id/photos/PRFL181.jpg,2021-10-21 01:28:12,2022-02-16 01:28:12
PRFL182,USR182,P,08220254729,"Jalan M.H Thamrin No. 475, Jayapura, BT 62578",1975-04-11,https://cdn.dummyumkm.id/photos/PRFL182.jpg,2022-10-01 02:48:20,2023-02-11 02:48:20
PRFL183,USR183,P,08519274523,"Gang Kebonjati No. 83, Tegal, SU 79035",1984-11-16,https://cdn.dummyumkm.id/photos/PRFL183.jpg,2022-08-16 05:19:38,2022-11-02 05:19:38
PRFL184,USR184,L,+628120672752,"Jalan M.H Thamrin No. 716, Padang, SN 10534",2000-02-15,https://cdn.dummyumkm.id/photos/PRFL184.jpg,2021-08-25 06:53:50,2022-05-28 06:53:50
PRFL185,USR185,L,+628962975170,"Gang R.E Martadinata No. 4, Bukittinggi, SU 36039",1978-06-28,https://cdn.dummyumkm.id/photos/PRFL185.jpg,2022-05-31 17:39:34,2022-10-26 17:39:34
PRFL186,USR186,,08219834301,"Gang K.H. Wahid Hasyim No. 093, Sungai Penuh, Sumatera Selatan 80202",1966-10-30,https://cdn.dummyumkm.id/photos/PRFL186.jpg,2022-12-11 19:30:48,2023-01-27 19:30:48
PRFL187,USR187,L,+628115626565,"Jalan BKR No. 0, Yogyakarta, Kepulauan Riau 35459",1975-04-13,https://cdn.dummyumkm.id/photos/PRFL187.jpg,2021-08-28 19:00:12,2022-02-06 19:00:12
PRFL188,USR188,P,+628534266299,"Gg. Raya Setiabudhi No. 019, Purwokerto, Papua 73900",1990-06-12,https://cdn.dummyumkm.id/photos/PRFL188.jpg,2023-12-13 01:53:57,2024-07-27 01:53:57
PRFL189,USR189,P,08521064628,"Jalan Sukajadi No. 9, Magelang, JB 42522",2006-04-01,https://cdn.dummyumkm.id/photos/PRFL189.jpg,2023-04-09 22:52:54,2023-05-12 22:52:54
PRFL190,USR190,P,08787300244,"Jl. Cikutra Barat No. 14, Kotamobagu, Kepulauan Bangka Belitung 19198",1990-02-28,https://cdn.dummyumkm.id/photos/PRFL190.jpg,2023-01-29 00:00:02,2023-10-07 00:00:02
PRFL191,USR191,L,08573014719,"Gg. Jakarta No. 88, Bekasi, MA 24168",1978-08-31,https://cdn.dummyumkm.id/photos/PRFL191.jpg,2023-11-30 04:15:55,2024-06-30 04:15:55
PRFL192,USR192,P,08114290257,"Jl. W.R. Supratman No. 04, Denpasar, Sulawesi Tenggara 21435",1978-12-03,https://cdn.dummyumkm.id/photos/PRFL192.jpg,2021-06-02 22:13:32,2021-08-02 22:13:32
PRFL193,USR193,L,08783219285,"Gang Jamika No. 0, Batu, SR 73058",1974-12-28,https://cdn.dummyumkm.id/photos/PRFL193.jpg,2023-12-15 02:14:19,2024-06-14 02:14:19
PRFL194,USR194,L,08130284576,"Jalan Rumah Sakit No. 8, Yogyakarta, KI 43147",1988-10-21,https://cdn.dummyumkm.id/photos/PRFL194.jpg,2022-04-01 17:32:36,2022-05-20 17:32:36
PRFL195,USR195,L,+628588881671,"Jalan Setiabudhi No. 516, Kotamobagu, Lampung 85591",1991-12-21,https://cdn.dummyumkm.id/photos/PRFL195.jpg,2023-05-30 03:19:38,2023-09-03 03:19:38
PRFL196,USR196,P,+628968524013,"Jl. Kendalsari No. 02, Bandung, JK 82635",1996-10-26,https://cdn.dummyumkm.id/photos/PRFL196.jpg,2022-08-18 06:17:06,2022-10-28 06:17:06
PRFL197,USR197,P,+628121076031,"Gg. Rungkut Industri No. 288, Ternate, SB 30753",1984-06-12,https://cdn.dummyumkm.id/photos/PRFL197.jpg,2021-12-27 16:36:45,2022-02-05 16:36:45
PRFL198,USR198,P,+628963932501,,2007-02-04,https://cdn.dummyumkm.id/photos/PRFL198.jpg,2022-12-24 17:53:54,2022-12-29 17:53:54
PRFL199,USR199,P,08789119083,"Gg. Peta No. 199, Bima, BB 61577",1974-11-05,https://cdn.dummyumkm.id/photos/PRFL199.jpg,2022-06-21 19:37:12,2023-03-04 19:37:12
PRFL200,USR200,L,08587592712,,2005-11-04,https://cdn.dummyumkm.id/photos/PRFL200.jpg,2022-12-11 16:04:24,2023-01-30 16:04:24
PRFL201,USR201,L,08137548015,"Jalan Medokan Ayu No. 9, Banjar, SU 19957",1969-11-10,https://cdn.dummyumkm.id/photos/PRFL201.jpg,2021-06-15 16:19:19,2021-11-22 16:19:19
PRFL202,USR202,P,08523175207,"Jalan Cikutra Timur No. 448, Batu, Aceh 26698",2007-04-15,https://cdn.dummyumkm.id/photos/PRFL202.jpg,2023-12-23 07:00:49,2024-08-06 07:00:49
PRFL203,USR203,P,+628131535396,"Gg. Soekarno Hatta No. 282, Banjarbaru, BA 47689",1981-09-15,https://cdn.dummyumkm.id/photos/PRFL203.jpg,2023-05-30 03:21:46,2023-07-21 03:21:46
PRFL204,USR204,P,+628525796784,"Jl. R.E Martadinata No. 558, Medan, Nusa Tenggara Barat 47983",1986-05-11,https://cdn.dummyumkm.id/photos/PRFL204.jpg,2023-08-01 00:28:21,2023-12-18 00:28:21
PRFL205,USR205,L,08112695249,"Jalan Kapten Muslihat No. 55, Prabumulih, MA 23737",2006-01-16,https://cdn.dummyumkm.id/photos/PRFL205.jpg,2021-12-24 11:26:07,2022-03-02 11:26:07
PRFL206,USR206,L,08518800616,"Jl. Ciwastra No. 572, Tomohon, Papua 02768",1977-10-12,https://cdn.dummyumkm.id/photos/PRFL206.jpg,2022-01-25 08:02:39,2022-10-06 08:02:39
PRFL207,USR207,P,08522467197,"Jalan Peta No. 653, Samarinda, Jambi 16764",2001-09-23,https://cdn.dummyumkm.id/photos/PRFL207.jpg,2021-08-01 11:29:58,2022-01-03 11:29:58
PRFL208,USR208,P,+628529545009,"Gang Suryakencana No. 7, Banjarmasin, Lampung 08560",2006-07-06,https://cdn.dummyumkm.id/photos/PRFL208.jpg,2022-11-16 19:04:47,2023-06-04 19:04:47
PRFL209,USR209,P,08516503334,,1978-01-21,https://cdn.dummyumkm.id/photos/PRFL209.jpg,2022-04-04 10:30:54,2022-09-25 10:30:54
PRFL210,USR210,P,,"Jalan Bangka Raya No. 78, Sukabumi, Aceh 61624",1974-03-24,https://cdn.dummyumkm.id/photos/PRFL210.jpg,2023-04-18 22:34:43,2023-04-28 22:34:43
PRFL211,USR211,P,08529659171,"Gg. M.H Thamrin No. 462, Jambi, JA 88950",2005-07-22,https://cdn.dummyumkm.id/photos/PRFL211.jpg,2021-09-13 14:39:38,2022-05-11 14:39:38
PRFL212,USR212,P,08531834404,"Jl. K.H. Wahid Hasyim No. 906, Palopo, Sumatera Selatan 40011",2003-10-14,https://cdn.dummyumkm.id/photos/PRFL212.jpg,2022-04-04 11:40:14,2022-09-04 11:40:14
PRFL213,USR213,L,08787635148,"Jl. Gegerkalong Hilir No. 16, Manado, BE 60215",1987-02-15,https://cdn.dummyumkm.id/photos/PRFL213.jpg,2021-04-27 23:21:49,2022-02-17 23:21:49
PRFL214,USR214,P,08130829737,"Gang Surapati No. 4, Tomohon, Papua 24966",1998-04-05,https://cdn.dummyumkm.id/photos/PRFL214.jpg,2023-11-14 15:41:11,2024-08-03 15:41:11
PRFL215,USR215,L,08212466513,"Jl. Laswi No. 14, Purwokerto, AC 51827",1966-09-09,https://cdn.dummyumkm.id/photos/PRFL215.jpg,2022-09-05 22:48:21,2023-05-30 22:48:21
PRFL216,USR216,L,08210347786,"Gang Astana Anyar No. 28, Semarang, Sulawesi Tengah 29431",1979-04-13,https://cdn.dummyumkm.id/photos/PRFL216.jpg,2023-11-11 10:40:54,2024-03-10 10:40:54
PRFL217,USR217,L,08117001594,-,1996-02-08,https://cdn.dummyumkm.id/photos/PRFL217.jpg,2021-06-18 07:26:07,2021-11-07 07:26:07
PRFL218,USR218,L,08133198189,"Jalan Pacuan Kuda No. 06, Padang Sidempuan, Kalimantan Selatan 74634",1983-08-01,https://cdn.dummyumkm.id/photos/PRFL218.jpg,2023-08-06 17:30:46,2023-09-21 17:30:46
PRFL219,USR219,P,08966363212,"Gg. Jayawijaya No. 6, Palangkaraya, YO 04055",2007-03-27,https://cdn.dummyumkm.id/photos/PRFL219.jpg,2023-12-26 02:03:04,2024-02-26 02:03:04
PRFL220,USR220,L,08786734257,,1977-09-21,https://cdn.dummyumkm.id/photos/PRFL220.jpg,2021-02-27 19:22:07,2021-09-06 19:22:07
PRFL221,USR221,P,08214864518,,2000-06-18,https://cdn.dummyumkm.id/photos/PRFL221.jpg,2023-04-16 01:11:24,2023-05-13 01:11:24
PRFL222,USR222,,08137560417,"Gg. Jayawijaya No. 04, Sukabumi, KR 77226",1965-04-23,https://cdn.dummyumkm.id/photos/PRFL222.jpg,2023-12-18 22:48:18,2024-04-16 22:48:18
PRFL223,USR223,L,08968570027,"Jalan Pasirkoja No. 414, Depok, Kalimantan Utara 59278",1985-03-08,https://cdn.dummyumkm.id/photos/PRFL223.jpg,2022-10-07 12:00:58,2023-02-17 12:00:58
PRFL224,USR224,P,08572965772,"Gang Setiabudhi No. 029, Tidore Kepulauan, SU 95146",1988-06-13,https://cdn.dummyumkm.id/photos/PRFL224.jpg,2022-03-11 13:28:06,2022-04-22 13:28:06
PRFL225,USR225,L,08963008931,"Jalan R.E Martadinata No. 47, Padangpanjang, JK 42152",1996-12-19,https://cdn.dummyumkm.id/photos/PRFL225.jpg,2022-01-02 18:55:01,2022-07-09 18:55:01
PRFL226,USR226,,+628588677133,"Jalan Pelajar Pejuang No. 5, Kupang, DKI Jakarta 17554",1999-02-08,https://cdn.dummyumkm.id/photos/PRFL226.jpg,2023-09-29 16:53:09,2023-12-14 16:53:09
PRFL227,USR227,L,08223626204,"Jalan M.T Haryono No. 8, Subulussalam, RI 65859",2000-08-01,https://cdn.dummyumkm.id/photos/PRFL227.jpg,2022-12-08 09:05:32,2023-07-16 09:05:32
PRFL228,USR228,L,08523669411,"Gang Dr. Djunjunan No. 63, Malang, AC 04042",1986-03-07,https://cdn.dummyumkm.id/photos/PRFL228.jpg,2021-02-03 04:15:49,2021-09-25 04:15:49
PRFL229,USR229,L,+628525280924,"Jalan Moch. Ramdan No. 5, Semarang, Sulawesi Selatan 39943",1967-02-15,https://cdn.dummyumkm.id/photos/PRFL229.jpg,2023-05-28 00:59:33,2023-06-20 00:59:33
PRFL230,USR230,L,08510274564,"Jalan Siliwangi No. 148, Lhokseumawe, PB 49456",1976-02-19,https://cdn.dummyumkm.id/photos/PRFL230.jpg,2021-12-02 11:14:59,2022-08-30 11:14:59
PRFL231,USR231,P,+628138703203,"Jalan Cempaka No. 449, Pekanbaru, Gorontalo 43880",1993-05-18,https://cdn.dummyumkm.id/photos/PRFL231.jpg,2023-07-15 19:48:21,2023-12-23 19:48:21
PRFL232,USR232,L,08537121513,"Gg. Merdeka No. 944, Palembang, SN 15489",1999-05-28,https://cdn.dummyumkm.id/photos/PRFL232.jpg,2023-04-20 04:41:31,2023-12-29 04:41:31
PRFL233,USR233,P,08118926137,"Gang Suryakencana No. 73, Kota Administrasi Jakarta Pusat, Sulawesi Tengah 65233",1989-09-05,https://cdn.dummyumkm.id/photos/PRFL233.jpg,2021-07-24 17:58:50,2022-05-19 17:58:50
PRFL234,USR234,P,08512017774,"Gg. Ciumbuleuit No. 56, Pontianak, JB 51090",1968-01-05,https://cdn.dummyumkm.id/photos/PRFL234.jpg,2021-01-25 12:21:41,2021-08-04 12:21:41
PRFL235,USR235,L,+628574501896,"Gang Soekarno Hatta No. 429, Tegal, JT 42611",1973-07-20,https://cdn.dummyumkm.id/photos/PRFL235.jpg,2021-06-26 13:09:11,2022-04-13 13:09:11
PRFL236,USR236,P,+628222147649,"Gang Suryakencana No. 0, Tangerang, Sulawesi Selatan 37326",1987-04-18,https://cdn.dummyumkm.id/photos/PRFL236.jpg,2023-07-12 05:28:24,2023-10-26 05:28:24
PRFL237,USR237,L,+628521659266,"Jl. Dipenogoro No. 5, Padang Sidempuan, Banten 30676",1994-03-15,https://cdn.dummyumkm.id/photos/PRFL237.jpg,2023-10-21 13:41:13,2024-05-06 13:41:13
PRFL238,USR238,L,08578147617,"Gang Raya Setiabudhi No. 38, Tidore Kepulauan, MU 43165",1978-05-21,https://cdn.dummyumkm.id/photos/PRFL238.jpg,2023-01-15 01:44:23,2023-04-04 01:44:23
PRFL239,USR239,L,08786617945,"Jl. Moch. Toha No. 9, Sungai Penuh, JA 74529",1965-03-23,https://cdn.dummyumkm.id/photos/PRFL239.jpg,2022-11-21 01:12:08,2023-09-08 01:12:08
PRFL240,USR240,L,,"Gg. PHH. Mustofa No. 511, Langsa, KB 55300",1978-05-14,https://cdn.dummyumkm.id/photos/PRFL240.jpg,2021-07-16 00:45:48,2021-10-17 00:45:48
PRFL241,USR241,P,08133219416,"Jl. Pacuan Kuda No. 8, Medan, Nusa Tenggara Barat 85844",2002-01-06,https://cdn.dummyumkm.id/photos/PRFL241.jpg,2022-08-15 17:08:42,2023-04-02 17:08:42
PRFL242,USR242,,+628967499564,"Jalan Gardujati No. 78, Blitar, LA 37757",1977-11-28,https://cdn.dummyumkm.id/photos/PRFL242.jpg,2021-06-04 01:38:27,2021-12-28 01:38:27
PRFL243,USR243,P,08572368314,"Gang Cempaka No. 8, Blitar, SB 52305",2006-03-10,https://cdn.dummyumkm.id/photos/PRFL243.jpg,2023-05-07 11:16:01,2023-08-11 11:16:01
PRFL244,USR244,,08539334960,"Jalan K.H. Wahid Hasyim No. 78, Kotamobagu, PA 56139",1986-12-20,https://cdn.dummyumkm.id/photos/PRFL244.jpg,2022-10-05 20:05:17,2023-05-20 20:05:17
PRFL245,USR245,P,,"Jalan Siliwangi No. 652, Mojokerto, LA 11643",2001-05-02,https://cdn.dummyumkm.id/photos/PRFL245.jpg,2022-05-01 12:38:49,2023-02-08 12:38:49
PRFL246,USR246,P,08226717957,"Gg. Dipatiukur No. 1, Palu, LA 12311",1985-03-24,https://cdn.dummyumkm.id/photos/PRFL246.jpg,2023-12-03 22:32:38,2024-07-06 22:32:38
PRFL247,USR247,L,08575972466,"Jalan Stasiun Wonokromo No. 16, Kotamobagu, Bali 81961",1971-12-23,https://cdn.dummyumkm.id/photos/PRFL247.jpg,2022-11-02 21:31:25,2023-02-28 21:31:25
PRFL248,USR248,L,08532232971,"Jalan Raya Ujungberung No. 02, Surakarta, GO 40193",1970-06-22,https://cdn.dummyumkm.id/photos/PRFL248.jpg,2021-04-04 04:15:10,2021-08-26 04:15:10
PRFL249,USR249,P,+628572280156,"Gang Ir. H. Djuanda No. 287, Makassar, Kalimantan Barat 33399",1991-08-19,https://cdn.dummyumkm.id/photos/PRFL249.jpg,2022-10-01 04:03:21,2022-10-10 04:03:21
PRFL250,USR250,P,08138910771,"Jl. R.E Martadinata No. 9, Tangerang Selatan, AC 58130",2000-01-23,https://cdn.dummyumkm.id/photos/PRFL250.jpg,2021-03-21 22:02:55,2021-04-13 22:02:55
PRFL251,USR251,P,08512478712,"Jl. Pasirkoja No. 46, Kota Administrasi Jakarta Barat, NB 81733",1998-04-14,https://cdn.dummyumkm.id/photos/PRFL251.jpg,2023-02-28 05:42:39,2023-05-24 05:42:39
PRFL252,USR252,L,,"Gg. Joyoboyo No. 8, Ambon, KB 44804",1976-12-08,https://cdn.dummyumkm.id/photos/PRFL252.jpg,2022-06-28 21:11:44,2023-01-26 21:11:44
PRFL253,USR253,P,08513286326,"Gang Indragiri No. 354, Malang, JT 98508",1976-10-18,https://cdn.dummyumkm.id/photos/PRFL253.jpg,2021-12-18 07:49:19,2022-05-03 07:49:19
PRFL254,USR254,P,08118115562,"Jalan Cikutra Barat No. 848, Bitung, JT 84240",1978-01-23,https://cdn.dummyumkm.id/photos/PRFL254.jpg,2023-08-24 19:32:36,2024-02-25 19:32:36
PRFL255,USR255,L,+628784668455,"Gang Jend. A. Yani No. 72, Sabang, Sumatera Selatan 76379",1981-09-27,https://cdn.dummyumkm.id/photos/PRFL255.jpg,2023-10-19 21:43:32,2024-08-08 21:43:32
PRFL256,USR256,L,08535634108,"Jalan Cihampelas No. 727, Gorontalo, NB 76523",2005-01-07,https://cdn.dummyumkm.id/photos/PRFL256.jpg,2022-04-25 23:47:02,2023-01-28 23:47:02
PRFL257,USR257,P,08512008943,"Gg. Rumah Sakit No. 6, Probolinggo, LA 02371",1971-07-27,https://cdn.dummyumkm.id/photos/PRFL257.jpg,2023-10-19 03:35:03,2023-12-05 03:35:03
PRFL258,USR258,P,08120174907,"Jalan Jamika No. 8, Magelang, Bali 35072",1994-04-24,https://cdn.dummyumkm.id/photos/PRFL258.jpg,2021-05-23 12:58:27,2021-11-29 12:58:27
PRFL259,USR259,P,08783158935,"Jl. Astana Anyar No. 2, Kota Administrasi Jakarta Pusat, ST 63206",1971-10-10,https://cdn.dummyumkm.id/photos/PRFL259.jpg,2021-09-02 12:38:35,2022-06-22 12:38:35
PRFL260,USR260,P,08531586988,"Jl. Tebet Barat Dalam No. 66, Banjarmasin, Nusa Tenggara Timur 58672",1988-04-19,https://cdn.dummyumkm.id/photos/PRFL260.jpg,2023-07-16 04:50:00,2024-02-18 04:50:00
PRFL261,USR261,L,08132827728,"Jl. Cihampelas No. 0, Jambi, SS 33859",1974-06-13,https://cdn.dummyumkm.id/photos/PRFL261.jpg,2021-03-19 07:16:48,2021-11-24 07:16:48
PRFL262,USR262,L,08966115940,"Gang Kiaracondong No. 1, Sabang, JT 56990",1998-02-09,https://cdn.dummyumkm.id/photos/PRFL262.jpg,2023-08-02 01:26:02,2024-05-14 01:26:02
PRFL263,USR263,P,+628966044327,"Gg. Cihampelas No. 874, Tanjungpinang, KS 60098",1967-11-22,https://cdn.dummyumkm.id/photos/PRFL263.jpg,2022-06-21 04:58:36,2022-07-05 04:58:36
PRFL264,USR264,L,08527922877,"Gang KH Amin Jasuta No. 7, Depok, KI 38024",1969-09-16,https://cdn.dummyumkm.id/photos/PRFL264.jpg,2023-03-30 13:31:38,2023-09-04 13:31:38
PRFL265,USR265,L,08518074120,"Gang Jayawijaya No. 5, Tebingtinggi, KU 45227",1984-04-21,https://cdn.dummyumkm.id/photos/PRFL265.jpg,2021-03-27 02:25:10,2021-10-22 02:25:10
PRFL266,USR266,P,+628960983780,"Gang Indragiri No. 2, Pasuruan, SS 11103",2001-07-18,https://cdn.dummyumkm.id/photos/PRFL266.jpg,2022-02-01 22:27:27,2022-03-16 22:27:27
PRFL267,USR267,L,+628967189569,"Jalan Raya Ujungberung No. 082, Malang, BE 24163",1987-12-09,https://cdn.dummyumkm.id/photos/PRFL267.jpg,2021-07-20 16:23:31,2021-11-22 16:23:31
PRFL268,USR268,P,08121824224,"Gg. Sadang Serang No. 91, Meulaboh, LA 56384",1967-09-17,https://cdn.dummyumkm.id/photos/PRFL268.jpg,2023-11-04 18:38:27,2024-07-31 18:38:27
PRFL269,USR269,P,08226152654,"Jalan Rungkut Industri No. 6, Serang, Lampung 96934",1986-06-10,https://cdn.dummyumkm.id/photos/PRFL269.jpg,2022-11-09 15:26:43,2023-04-24 15:26:43
PRFL270,USR270,L,08786140578,"Gg. Ir. H. Djuanda No. 2, Medan, Nusa Tenggara Barat 60699",1975-10-07,https://cdn.dummyumkm.id/photos/PRFL270.jpg,2022-10-29 20:52:41,2023-08-25 20:52:41
PRFL271,USR271,P,08782496718,"Jl. Setiabudhi No. 5, Bima, Aceh 06308",1980-09-24,https://cdn.dummyumkm.id/photos/PRFL271.jpg,2022-09-22 04:41:56,2023-07-19 04:41:56
PRFL272,USR272,P,+628787007942,"Gg. Cikapayang No. 8, Depok, Riau 39628",1999-12-30,https://cdn.dummyumkm.id/photos/PRFL272.jpg,2022-12-16 17:39:20,2023-09-17 17:39:20
PRFL273,USR273,P,+628219840289,"Gg. Kebonjati No. 1, Pariaman, BA 98892",1990-12-31,https://cdn.dummyumkm.id/photos/PRFL273.jpg,2021-06-14 10:51:49,2021-12-25 10:51:49
PRFL274,USR274,L,08785547435,"Jl. Sukabumi No. 7, Padang Sidempuan, Lampung 81130",1975-01-27,https://cdn.dummyumkm.id/photos/PRFL274.jpg,2022-04-27 23:52:26,2022-09-17 23:52:26
PRFL275,USR275,,,"Gang Lembong No. 35, Bandar Lampung, ST 78325",1994-07-12,https://cdn.dummyumkm.id/photos/PRFL275.jpg,2023-03-05 00:11:46,2023-03-06 00:11:46
PRFL276,USR276,P,08571807156,"Gang Ahmad Yani No. 684, Solok, SU 30159",1986-01-17,https://cdn.dummyumkm.id/photos/PRFL276.jpg,2022-06-27 17:39:14,2023-01-14 17:39:14
PRFL277,USR277,P,08530304531,"Gang Suniaraja No. 06, Pematangsiantar, LA 51314",1981-05-11,https://cdn.dummyumkm.id/photos/PRFL277.jpg,2022-01-03 00:44:28,2022-03-07 00:44:28
PRFL278,USR278,P,08589303614,"Gang Kutai No. 6, Pangkalpinang, Jawa Timur 27402",1970-10-14,https://cdn.dummyumkm.id/photos/PRFL278.jpg,2023-10-16 07:08:50,2023-11-03 07:08:50
PRFL279,USR279,P,+628581249384,"Jalan KH Amin Jasuta No. 0, Depok, SU 52656",1981-05-02,https://cdn.dummyumkm.id/photos/PRFL279.jpg,2023-05-26 17:34:55,2024-03-10 17:34:55
PRFL280,USR280,P,08524187758,,1980-04-15,https://cdn.dummyumkm.id/photos/PRFL280.jpg,2023-09-26 20:28:22,2023-10-22 20:28:22
PRFL281,USR281,,08960361332,"Gg. Sukabumi No. 3, Banda Aceh, NT 86791",1984-12-12,https://cdn.dummyumkm.id/photos/PRFL281.jpg,2022-05-07 02:30:44,2022-05-09 02:30:44
PRFL282,USR282,,08533505831,"Gang Dipenogoro No. 5, Sawahlunto, NT 63286",1990-01-26,https://cdn.dummyumkm.id/photos/PRFL282.jpg,2022-03-03 16:34:35,2022-08-21 16:34:35
PRFL283,USR283,P,08581207049,"Gang Sadang Serang No. 1, Kota Administrasi Jakarta Selatan, SG 28817",2007-02-01,https://cdn.dummyumkm.id/photos/PRFL283.jpg,2022-12-04 00:34:12,2023-01-04 00:34:12
PRFL284,USR284,P,08579076769,"Jl. KH Amin Jasuta No. 586, Mojokerto, Jawa Tengah 55115",1990-03-06,https://cdn.dummyumkm.id/photos/PRFL284.jpg,2021-05-21 06:29:51,2021-12-12 06:29:51
PRFL285,USR285,L,08219284567,"Gg. Rungkut Industri No. 95, Pagaralam, Sumatera Utara 29679",2006-03-10,https://cdn.dummyumkm.id/photos/PRFL285.jpg,2021-03-05 17:26:15,2021-04-29 17:26:15
PRFL286,USR286,P,08575498227,"Jalan Jend. A. Yani No. 58, Mataram, Sumatera Utara 58966",2002-06-03,https://cdn.dummyumkm.id/photos/PRFL286.jpg,2023-07-29 20:15:08,2024-01-04 20:15:08
PRFL287,USR287,L,08525333153,"Jl. Peta No. 9, Mataram, PA 42238",1989-08-16,https://cdn.dummyumkm.id/photos/PRFL287.jpg,2022-06-18 12:17:17,2022-08-31 12:17:17
PRFL288,USR288,P,08525217073,"Gg. Antapani Lama No. 85, Sibolga, YO 08824",2001-04-03,https://cdn.dummyumkm.id/photos/PRFL288.jpg,2022-11-12 00:48:40,2023-08-28 00:48:40
PRFL289,USR289,L,08522050150,"Jl. Laswi No. 28, Langsa, SU 51750",1984-08-25,https://cdn.dummyumkm.id/photos/PRFL289.jpg,2022-03-16 11:02:13,2022-09-01 11:02:13
PRFL290,USR290,P,+628214258323,"Jalan Jakarta No. 042, Kediri, BE 27568",1980-03-12,https://cdn.dummyumkm.id/photos/PRFL290.jpg,2023-09-08 01:09:22,2024-03-10 01:09:22
PRFL291,USR291,,08533552896,"Jalan Wonoayu No. 166, Meulaboh, Sumatera Barat 81752",1975-11-06,https://cdn.dummyumkm.id/photos/PRFL291.jpg,2022-08-24 12:09:29,2022-10-19 12:09:29
PRFL292,USR292,L,08519630993,"Gg. Pasir Koja No. 487, Subulussalam, KS 72685",1984-09-29,https://cdn.dummyumkm.id/photos/PRFL292.jpg,2023-07-26 06:18:53,2023-11-01 06:18:53
PRFL293,USR293,L,08967317912,"Jl. W.R. Supratman No. 12, Bukittinggi, JK 05137",2007-02-28,https://cdn.dummyumkm.id/photos/PRFL293.jpg,2022-06-28 10:15:51,2022-11-18 10:15:51
PRFL294,USR294,P,08537496903,"Gang M.T Haryono No. 84, Cirebon, JI 99743",2006-04-21,https://cdn.dummyumkm.id/photos/PRFL294.jpg,2023-07-14 08:44:41,2024-01-21 08:44:41
PRFL295,USR295,P,08514812147,"Gg. Pasir Koja No. 63, Banda Aceh, Sulawesi Tenggara 10869",1999-11-23,https://cdn.dummyumkm.id/photos/PRFL295.jpg,2022-05-26 06:29:36,2022-12-05 06:29:36
PRFL296,USR296,L,08535460273,"Jalan Lembong No. 678, Bukittinggi, Maluku Utara 62783",1993-11-10,https://cdn.dummyumkm.id/photos/PRFL296.jpg,2023-12-01 18:06:08,2024-07-18 18:06:08
PRFL297,USR297,L,+628121150835,"Jalan PHH. Mustofa No. 7, Medan, Papua 49016",1997-07-21,https://cdn.dummyumkm.id/photos/PRFL297.jpg,2022-07-17 01:55:45,2022-08-26 01:55:45
PRFL298,USR298,L,08588404456,"Jalan Cikutra Barat No. 352, Subulussalam, Kalimantan Tengah 68165",1969-08-09,https://cdn.dummyumkm.id/photos/PRFL298.jpg,2023-01-26 09:29:38,2023-05-03 09:29:38
PRFL299,USR299,P,08583738987,"Gg. Kebonjati No. 06, Balikpapan, JB 12152",1979-06-02,https://cdn.dummyumkm.id/photos/PRFL299.jpg,2021-06-07 02:48:03,2021-08-22 02:48:03
PRFL300,USR300,L,08780529240,"Gang Waringin No. 542, Kota Administrasi Jakarta Timur, Jawa Tengah 15643",1998-03-13,https://cdn.dummyumkm.id/photos/PRFL300.jpg,2021-02-28 15:19:42,2021-09-29 15:19:42
PRFL301,USR301,P,08225909022,"Gg. Cikapayang No. 546, Ambon, Sulawesi Tengah 73736",1994-10-29,https://cdn.dummyumkm.id/photos/PRFL301.jpg,2022-08-09 05:08:05,2023-03-03 05:08:05
PRFL302,USR302,P,08125974121,"Gang Kiaracondong No. 673, Bandar Lampung, SU 86309",1991-07-12,https://cdn.dummyumkm.id/photos/PRFL302.jpg,2021-09-15 03:44:50,2021-10-17 03:44:50
PRFL303,USR303,,+628578170580,"Jl. Surapati No. 784, Padang Sidempuan, Kalimantan Tengah 67265",1977-02-27,https://cdn.dummyumkm.id/photos/PRFL303.jpg,2022-01-04 23:46:03,2022-07-20 23:46:03
PRFL304,USR304,P,,"Gang Ciumbuleuit No. 56, Bitung, BT 58394",1993-08-12,https://cdn.dummyumkm.id/photos/PRFL304.jpg,2022-11-29 09:14:51,2023-07-01 09:14:51
PRFL305,USR305,P,08229387430,"Gg. Sukabumi No. 50, Tegal, Sulawesi Barat 49263",1968-05-10,https://cdn.dummyumkm.id/photos/PRFL305.jpg,2022-12-30 14:10:08,2023-08-30 14:10:08
PRFL306,USR306,P,08960147546,"Gang Dipatiukur No. 04, Mataram, Kalimantan Timur 90727",2003-05-26,https://cdn.dummyumkm.id/photos/PRFL306.jpg,2022-11-16 10:39:42,2023-09-03 10:39:42
PRFL307,USR307,P,08139160324,"Gg. PHH. Mustofa No. 2, Jayapura, KI 58145",1987-04-28,https://cdn.dummyumkm.id/photos/PRFL307.jpg,2022-10-13 08:48:24,2023-05-22 08:48:24
PRFL308,USR308,P,+628125118567,"Gg. Kiaracondong No. 81, Medan, Papua Barat 86891",1986-03-18,https://cdn.dummyumkm.id/photos/PRFL308.jpg,2022-01-24 08:47:43,2022-10-03 08:47:43
PRFL309,USR309,P,08216004125,"Gg. Cihampelas No. 108, Palangkaraya, Sulawesi Tenggara 50969",1990-06-02,https://cdn.dummyumkm.id/photos/PRFL309.jpg,2021-06-09 08:49:20,2022-01-31 08:49:20
PRFL310,USR310,P,08132091241,"Gg. Jakarta No. 606, Banjarbaru, YO 08184",1983-04-18,https://cdn.dummyumkm.id/photos/PRFL310.jpg,2021-09-07 00:52:37,2022-04-19 00:52:37
PRFL311,USR311,P,08580837081,"Jl. Cihampelas No. 193, Tanjungbalai, Sulawesi Tenggara 38644",1977-10-19,https://cdn.dummyumkm.id/photos/PRFL311.jpg,2021-05-23 11:19:46,2021-08-09 11:19:46
PRFL312,USR312,L,08213106005,"Jl. Antapani Lama No. 109, Tangerang Selatan, SR 51687",2006-02-26,https://cdn.dummyumkm.id/photos/PRFL312.jpg,2021-02-11 10:20:12,2021-05-25 10:20:12
PRFL313,USR313,L,,"Jalan Veteran No. 227, Bau-Bau, Kepulauan Bangka Belitung 96173",1966-01-05,https://cdn.dummyumkm.id/photos/PRFL313.jpg,2021-05-07 18:28:16,2021-07-31 18:28:16
PRFL314,USR314,P,+628521331552,"Gang Kutai No. 5, Binjai, KB 10207",1998-12-09,https://cdn.dummyumkm.id/photos/PRFL314.jpg,2023-10-07 16:17:26,2024-01-21 16:17:26
PRFL315,USR315,P,08123649718,"Jl. Moch. Ramdan No. 6, Madiun, Jambi 12946",1992-09-03,https://cdn.dummyumkm.id/photos/PRFL315.jpg,2023-01-04 22:23:47,2023-05-26 22:23:47
PRFL316,USR316,L,+628582525715,"Jl. Jend. Sudirman No. 257, Samarinda, Kepulauan Bangka Belitung 15762",1976-03-06,https://cdn.dummyumkm.id/photos/PRFL316.jpg,2023-08-14 21:50:45,2024-02-28 21:50:45
PRFL317,USR317,P,08210914363,"Jalan Sentot Alibasa No. 093, Serang, Maluku 54876",2007-01-31,https://cdn.dummyumkm.id/photos/PRFL317.jpg,2023-05-03 12:54:18,2024-01-15 12:54:18
PRFL318,USR318,P,08589752450,"Gg. Sukabumi No. 463, Tegal, Sulawesi Tengah 78458",1994-11-03,https://cdn.dummyumkm.id/photos/PRFL318.jpg,2022-03-24 13:12:19,2022-07-06 13:12:19
PRFL319,USR319,P,08113396852,"Jalan Dipatiukur No. 5, Salatiga, PB 74733",1980-01-19,https://cdn.dummyumkm.id/photos/PRFL319.jpg,2023-08-26 12:03:39,2024-02-11 12:03:39
PRFL320,USR320,P,+628783381674,,1990-11-27,https://cdn.dummyumkm.id/photos/PRFL320.jpg,2023-04-13 17:32:01,2023-07-26 17:32:01
PRFL321,USR321,L,08227156627,"Jalan Antapani Lama No. 5, Palu, Sumatera Barat 92075",1990-04-01,https://cdn.dummyumkm.id/photos/PRFL321.jpg,2022-03-29 11:24:24,2023-01-18 11:24:24
PRFL322,USR322,L,08229828246,,1975-03-11,https://cdn.dummyumkm.id/photos/PRFL322.jpg,2023-10-30 01:33:26,2024-06-04 01:33:26
PRFL323,USR323,L,08210085766,"Gg. Ir. H. Djuanda No. 38, Tomohon, KT 79965",1983-02-03,https://cdn.dummyumkm.id/photos/PRFL323.jpg,2023-03-29 04:55:03,2023-06-06 04:55:03
PRFL324,USR324,P,,"Jalan Kapten Muslihat No. 687, Padang, JK 37983",1972-05-08,https://cdn.dummyumkm.id/photos/PRFL324.jpg,2022-08-30 13:10:12,2022-10-05 13:10:12
PRFL325,USR325,L,08585875066,"Jalan Cikutra Timur No. 55, Cirebon, PA 32475",1967-01-26,https://cdn.dummyumkm.id/photos/PRFL325.jpg,2022-01-30 00:46:01,2022-09-10 00:46:01
PRFL326,USR326,L,08229724399,"Jalan S. Parman No. 42, Lhokseumawe, SR 37378",2001-06-24,https://cdn.dummyumkm.id/photos/PRFL326.jpg,2023-10-18 18:37:39,2023-11-01 18:37:39
PRFL327,USR327,L,08128362644,"Jalan Siliwangi No. 65, Sabang, RI 22373",1985-12-05,https://cdn.dummyumkm.id/photos/PRFL327.jpg,2021-07-27 05:52:12,2022-02-08 05:52:12
PRFL328,USR328,L,+628223640270,"Jl. R.E Martadinata No. 56, Meulaboh, Riau 34908",1969-09-18,https://cdn.dummyumkm.id/photos/PRFL328.jpg,2023-11-30 14:48:58,2024-01-14 14:48:58
PRFL329,USR329,P,08582372817,"Jl. Ahmad Yani No. 36, Sorong, NB 92277",1976-09-11,https://cdn.dummyumkm.id/photos/PRFL329.jpg,2021-07-29 11:40:07,2022-03-06 11:40:07
PRFL330,USR330,L,08527912141,"Jl. M.T Haryono No. 38, Bengkulu, NT 12815",2007-06-12,https://cdn.dummyumkm.id/photos/PRFL330.jpg,2021-11-10 03:51:25,2022-02-16 03:51:25
PRFL331,USR331,,08111380698,"Gang PHH. Mustofa No. 3, Salatiga, Sulawesi Tengah 45494",1978-05-18,https://cdn.dummyumkm.id/photos/PRFL331.jpg,2022-04-27 16:28:00,2022-06-17 16:28:00
PRFL332,USR332,L,08513566905,"Jalan Suniaraja No. 99, Kotamobagu, Jawa Timur 36740",1999-07-16,https://cdn.dummyumkm.id/photos/PRFL332.jpg,2021-02-26 21:19:16,2021-08-17 21:19:16
PRFL333,USR333,P,08583579786,"Jl. Kutisari Selatan No. 1, Cimahi, JI 90232",1975-05-29,https://cdn.dummyumkm.id/photos/PRFL333.jpg,2021-03-16 06:15:48,2021-05-26 06:15:48
PRFL334,USR334,,08536915671,"Jalan Sukabumi No. 102, Palangkaraya, SR 33066",2002-03-21,https://cdn.dummyumkm.id/photos/PRFL334.jpg,2022-11-10 18:43:41,2023-04-25 18:43:41
PRFL335,USR335,P,08578727178,"Jl. Rajawali Timur No. 91, Semarang, DI Yogyakarta 30612",1980-11-24,https://cdn.dummyumkm.id/photos/PRFL335.jpg,2022-06-11 16:12:05,2023-02-24 16:12:05
PRFL336,USR336,P,08227128715,,1969-07-11,https://cdn.dummyumkm.id/photos/PRFL336.jpg,2023-03-18 16:00:25,2023-09-30 16:00:25
PRFL337,USR337,L,+628523341411,"Gang Kebonjati No. 6, Jayapura, NB 19149",1972-09-04,https://cdn.dummyumkm.id/photos/PRFL337.jpg,2023-07-25 21:05:12,2024-02-05 21:05:12
PRFL338,USR338,P,08960409836,"Gang Surapati No. 603, Pematangsiantar, Kalimantan Tengah 25034",1989-05-07,https://cdn.dummyumkm.id/photos/PRFL338.jpg,2022-05-25 09:44:24,2022-07-29 09:44:24
PRFL339,USR339,L,+628134377294,"Jl. Pelajar Pejuang No. 249, Pagaralam, Kalimantan Timur 39911",2002-08-28,https://cdn.dummyumkm.id/photos/PRFL339.jpg,2021-09-16 20:58:02,2022-01-07 20:58:02
PRFL340,USR340,L,+628967374605,"Gang Ciwastra No. 19, Batu, RI 01011",2000-02-13,https://cdn.dummyumkm.id/photos/PRFL340.jpg,2022-07-02 16:21:49,2022-09-03 16:21:49
PRFL341,USR341,P,08222086567,"Gang Joyoboyo No. 989, Tangerang, SU 03178",1981-08-04,https://cdn.dummyumkm.id/photos/PRFL341.jpg,2021-03-31 02:27:49,2021-06-30 02:27:49
PRFL342,USR342,P,08122590472,"Jalan Ir. H. Djuanda No. 0, Probolinggo, Papua 41799",1968-11-01,https://cdn.dummyumkm.id/photos/PRFL342.jpg,2023-11-22 10:15:48,2024-02-29 10:15:48
PRFL343,USR343,P,,"Jalan Rajiman No. 17, Kota Administrasi Jakarta Barat, SU 51304",2002-03-16,https://cdn.dummyumkm.id/photos/PRFL343.jpg,2022-11-12 16:16:01,2023-02-20 16:16:01
PRFL344,USR344,L,08111572018,"Gang Gardujati No. 69, Tarakan, Lampung 18937",2003-09-05,https://cdn.dummyumkm.id/photos/PRFL344.jpg,2022-07-17 13:57:08,2023-02-20 13:57:08
PRFL345,USR345,P,08589261764,"Gg. Cikapayang No. 778, Lhokseumawe, NT 41260",1982-12-12,https://cdn.dummyumkm.id/photos/PRFL345.jpg,2022-07-31 06:33:33,2022-09-29 06:33:33
PRFL346,USR346,L,08967419267,"Jl. Cihampelas No. 4, Gorontalo, SU 59558",,https://cdn.dummyumkm.id/photos/PRFL346.jpg,2022-07-25 00:53:08,2023-04-11 00:53:08
PRFL347,USR347,L,08116888718,"Gang Setiabudhi No. 1, Pontianak, Banten 54206",1974-09-14,https://cdn.dummyumkm.id/photos/PRFL347.jpg,2021-02-10 06:07:09,2021-11-12 06:07:09
PRFL348,USR348,P,08130875102,"Gang Rumah Sakit No. 5, Kediri, SB 33096",1993-06-15,https://cdn.dummyumkm.id/photos/PRFL348.jpg,2021-07-02 22:26:53,2021-08-31 22:26:53
PRFL349,USR349,L,08136034084,,1994-12-24,https://cdn.dummyumkm.id/photos/PRFL349.jpg,2023-08-09 12:26:05,2024-04-24 12:26:05
PRFL350,USR350,L,08581030324,"Jalan Cikapayang No. 281, Tanjungbalai, Kalimantan Utara 76836",1998-10-15,https://cdn.dummyumkm.id/photos/PRFL350.jpg,2021-07-30 20:19:19,2022-01-26 20:19:19
PRFL351,USR351,P,+628128446267,"Jalan Dr. Djunjunan No. 832, Bima, Kalimantan Utara 70205",1996-01-20,https://cdn.dummyumkm.id/photos/PRFL351.jpg,2021-05-17 09:04:33,2021-10-06 09:04:33
PRFL352,USR352,L,08573598926,"Gang Kutisari Selatan No. 45, Yogyakarta, Riau 11482",1996-12-22,https://cdn.dummyumkm.id/photos/PRFL352.jpg,2022-06-24 16:57:13,2022-07-30 16:57:13
PRFL353,USR353,P,+628786151554,"Jalan Cikutra Timur No. 35, Bandar Lampung, Nusa Tenggara Timur 37082",1972-04-28,https://cdn.dummyumkm.id/photos/PRFL353.jpg,2021-09-02 16:13:16,2022-01-18 16:13:16
PRFL354,USR354,,08784971859,"Gang Lembong No. 015, Madiun, Papua 92188",1993-03-14,https://cdn.dummyumkm.id/photos/PRFL354.jpg,2022-07-16 13:24:19,2022-09-07 13:24:19
PRFL355,USR355,P,08578896792,"Gang Pelajar Pejuang No. 20, Bekasi, BT 03083",1982-10-21,https://cdn.dummyumkm.id/photos/PRFL355.jpg,2022-01-03 18:09:52,2022-07-21 18:09:52
PRFL356,USR356,P,08219672757,"Gg. S. Parman No. 480, Purwokerto, Sulawesi Tengah 91086",1990-09-11,https://cdn.dummyumkm.id/photos/PRFL356.jpg,2022-12-28 02:09:09,2023-05-13 02:09:09
PRFL357,USR357,L,+628226511131,"Jl. Kendalsari No. 96, Tangerang, MA 83662",1994-02-06,https://cdn.dummyumkm.id/photos/PRFL357.jpg,2021-04-13 03:16:01,2021-08-08 03:16:01
PRFL358,USR358,P,+628782778816,"Gg. R.E Martadinata No. 411, Bandung, Sulawesi Tengah 54978",1998-02-28,https://cdn.dummyumkm.id/photos/PRFL358.jpg,2022-10-01 03:33:07,2022-10-06 03:33:07
PRFL359,USR359,P,+628789097283,"Jl. Ir. H. Djuanda No. 54, Palu, SU 33014",1980-08-07,https://cdn.dummyumkm.id/photos/PRFL359.jpg,2022-05-08 11:38:53,2022-10-31 11:38:53
PRFL360,USR360,L,08513814474,"Gang Setiabudhi No. 4, Bontang, JB 70246",1971-11-01,https://cdn.dummyumkm.id/photos/PRFL360.jpg,2021-07-19 08:39:39,2022-01-29 08:39:39
PRFL361,USR361,L,,"Gang Sadang Serang No. 03, Lubuklinggau, LA 17153",2006-02-08,https://cdn.dummyumkm.id/photos/PRFL361.jpg,2021-07-20 10:41:50,2022-04-09 10:41:50
PRFL362,USR362,P,+628512650167,"Jalan Rajawali Timur No. 1, Metro, Jawa Barat 96616",2001-02-28,https://cdn.dummyumkm.id/photos/PRFL362.jpg,2023-03-16 20:14:51,2023-08-31 20:14:51
PRFL363,USR363,P,08225628417,-,1993-05-26,https://cdn.dummyumkm.id/photos/PRFL363.jpg,2021-12-17 06:08:29,2022-04-24 06:08:29
PRFL364,USR364,P,08585023741,-,1990-11-21,https://cdn.dummyumkm.id/photos/PRFL364.jpg,2021-05-03 12:06:37,2021-08-12 12:06:37
PRFL365,USR365,P,08112258030,"Jalan Pelajar Pejuang No. 11, Pasuruan, Nusa Tenggara Timur 74035",2002-04-22,https://cdn.dummyumkm.id/photos/PRFL365.jpg,2023-08-29 22:31:21,2024-03-15 22:31:21
PRFL366,USR366,L,08138234143,"Jl. Rajawali Barat No. 4, Surabaya, YO 92130",1972-05-05,https://cdn.dummyumkm.id/photos/PRFL366.jpg,2023-07-09 08:13:04,2023-08-20 08:13:04
PRFL367,USR367,L,08962312604,"Gg. Abdul Muis No. 4, Bekasi, PA 43739",1973-01-07,https://cdn.dummyumkm.id/photos/PRFL367.jpg,2023-07-30 01:12:49,2024-04-12 01:12:49
PRFL368,USR368,,08573356708,"Gang Kendalsari No. 2, Palangkaraya, Nusa Tenggara Timur 08821",2003-06-29,https://cdn.dummyumkm.id/photos/PRFL368.jpg,2021-02-14 01:50:25,2021-08-27 01:50:25
PRFL369,USR369,P,08130005347,"Jalan Jend. Sudirman No. 68, Bengkulu, GO 53771",1983-10-15,https://cdn.dummyumkm.id/photos/PRFL369.jpg,2023-10-09 11:53:06,2024-05-10 11:53:06
PRFL370,USR370,L,08135559895,"Gg. Setiabudhi No. 919, Bitung, SG 41973",2007-04-20,https://cdn.dummyumkm.id/photos/PRFL370.jpg,2023-02-13 16:12:16,2023-07-18 16:12:16
PRFL371,USR371,L,08217118954,"Jalan Dipatiukur No. 2, Bitung, AC 20055",1984-10-03,https://cdn.dummyumkm.id/photos/PRFL371.jpg,2023-01-21 05:29:16,2023-03-23 05:29:16
PRFL372,USR372,P,08785571617,,1975-10-16,https://cdn.dummyumkm.id/photos/PRFL372.jpg,2021-04-24 08:37:53,2021-11-24 08:37:53
PRFL373,USR373,L,08113678812,"Jl. Pasteur No. 2, Gorontalo, JB 73487",1995-05-11,https://cdn.dummyumkm.id/photos/PRFL373.jpg,2021-11-13 22:31:45,2022-01-18 22:31:45
PRFL374,USR374,P,08580878844,"Jalan Raya Ujungberung No. 6, Kendari, LA 69405",1986-11-13,https://cdn.dummyumkm.id/photos/PRFL374.jpg,2022-06-21 12:20:51,2022-06-22 12:20:51
PRFL375,USR375,P,,"Jalan Pacuan Kuda No. 92, Makassar, Sulawesi Tenggara 22279",1977-08-11,https://cdn.dummyumkm.id/photos/PRFL375.jpg,2021-06-14 22:49:26,2022-03-14 22:49:26
PRFL376,USR376,L,+628218105955,"Gang Ronggowarsito No. 257, Surakarta, ST 19043",1975-07-06,https://cdn.dummyumkm.id/photos/PRFL376.jpg,2021-08-07 20:17:56,2021-09-02 20:17:56
PRFL377,USR377,P,,"Gang Indragiri No. 008, Banjarmasin, KT 92431",1993-09-09,https://cdn.dummyumkm.id/photos/PRFL377.jpg,2022-10-12 13:11:35,2023-03-11 13:11:35
PRFL378,USR378,L,08961649837,"Jl. Gedebage Selatan No. 2, Palembang, Sumatera Utara 72545",1986-10-29,https://cdn.dummyumkm.id/photos/PRFL378.jpg,2023-06-17 09:44:01,2023-06-25 09:44:01
PRFL379,USR379,L,08127272239,"Gang Ahmad Dahlan No. 09, Malang, JB 79104",1987-05-31,https://cdn.dummyumkm.id/photos/PRFL379.jpg,2023-03-11 14:19:58,2023-10-19 14:19:58
PRFL380,USR380,,08576182091,"Gg. Lembong No. 81, Prabumulih, MA 04908",2003-07-16,https://cdn.dummyumkm.id/photos/PRFL380.jpg,2023-02-25 04:20:07,2023-06-01 04:20:07
PRFL381,USR381,P,08139001851,"Gg. Rumah Sakit No. 7, Batam, Banten 79061",1969-01-21,https://cdn.dummyumkm.id/photos/PRFL381.jpg,2021-03-20 12:16:58,2021-05-26 12:16:58
PRFL382,USR382,L,+628228100184,"Jl. Otto Iskandardinata No. 4, Kupang, Jawa Tengah 99258",1998-05-18,https://cdn.dummyumkm.id/photos/PRFL382.jpg,2023-01-02 00:44:58,2023-03-22 00:44:58
PRFL383,USR383,L,08216172131,,1990-04-06,https://cdn.dummyumkm.id/photos/PRFL383.jpg,2022-02-15 20:15:51,2022-08-31 20:15:51
PRFL384,USR384,P,08136859262,"Gang Laswi No. 1, Cirebon, JI 16425",1985-09-29,https://cdn.dummyumkm.id/photos/PRFL384.jpg,2021-03-21 11:17:48,2021-05-03 11:17:48
PRFL385,USR385,L,08581022526,"Gang Setiabudhi No. 01, Pangkalpinang, Jawa Timur 74301",2005-11-04,https://cdn.dummyumkm.id/photos/PRFL385.jpg,2022-08-24 04:07:41,2023-05-06 04:07:41
PRFL386,USR386,L,08132655767,"Gang Rajawali Timur No. 712, Bandar Lampung, Aceh 78085",1998-07-09,https://cdn.dummyumkm.id/photos/PRFL386.jpg,2023-08-27 04:07:48,2024-01-16 04:07:48
PRFL387,USR387,L,08787883619,"Jl. Soekarno Hatta No. 549, Tegal, Sumatera Utara 39661",1995-10-04,https://cdn.dummyumkm.id/photos/PRFL387.jpg,2022-08-03 17:50:32,2023-02-15 17:50:32
PRFL388,USR388,P,,"Jl. Jend. A. Yani No. 529, Kota Administrasi Jakarta Timur, Aceh 51588",1989-01-18,https://cdn.dummyumkm.id/photos/PRFL388.jpg,2021-08-13 02:40:37,2021-11-25 02:40:37
PRFL389,USR389,L,08134728633,"Gg. Pacuan Kuda No. 3, Sibolga, Lampung 10459",1999-03-14,https://cdn.dummyumkm.id/photos/PRFL389.jpg,2021-03-02 10:49:04,2021-09-02 10:49:04
PRFL390,USR390,L,08525019179,"Gang Sadang Serang No. 36, Banda Aceh, Sulawesi Tengah 85515",2002-12-29,https://cdn.dummyumkm.id/photos/PRFL390.jpg,2021-08-20 08:54:37,2022-03-01 08:54:37
PRFL391,USR391,L,08137284765,"Jl. Bangka Raya No. 4, Prabumulih, Kepulauan Bangka Belitung 80047",1967-07-13,https://cdn.dummyumkm.id/photos/PRFL391.jpg,2022-05-10 19:39:37,2023-02-25 19:39:37
PRFL392,USR392,P,08130667849,"Gg. Ahmad Dahlan No. 387, Kediri, KT 55008",2002-04-28,https://cdn.dummyumkm.id/photos/PRFL392.jpg,2023-07-12 07:39:34,2023-07-28 07:39:34
PRFL393,USR393,L,08583690362,"Gg. Ir. H. Djuanda No. 647, Tangerang, GO 18169",1984-04-05,https://cdn.dummyumkm.id/photos/PRFL393.jpg,2023-05-25 11:20:15,2024-02-16 11:20:15
PRFL394,USR394,P,08516341115,"Gang Kutai No. 4, Banjarbaru, PB 10073",1974-09-10,https://cdn.dummyumkm.id/photos/PRFL394.jpg,2022-10-10 01:44:48,2023-05-05 01:44:48
PRFL395,USR395,P,,"Jl. Ciumbuleuit No. 645, Kotamobagu, GO 50100",1985-12-09,https://cdn.dummyumkm.id/photos/PRFL395.jpg,2023-09-05 12:31:52,2023-10-08 12:31:52
PRFL396,USR396,P,08960970051,"Gang KH Amin Jasuta No. 5, Tomohon, PB 43463",1986-02-05,https://cdn.dummyumkm.id/photos/PRFL396.jpg,2023-06-18 15:05:10,2023-10-19 15:05:10
PRFL397,USR397,L,+628131568182,"Jl. Kapten Muslihat No. 5, Binjai, SU 02572",1988-01-09,https://cdn.dummyumkm.id/photos/PRFL397.jpg,2023-03-26 08:47:52,2023-09-03 08:47:52
PRFL398,USR398,P,,"Jalan Erlangga No. 230, Depok, NT 58820",1988-03-07,https://cdn.dummyumkm.id/photos/PRFL398.jpg,2023-11-24 11:20:17,2024-02-09 11:20:17
PRFL399,USR399,L,08589857254,"Jalan Pasir Koja No. 00, Palu, PA 48528",1992-05-30,https://cdn.dummyumkm.id/photos/PRFL399.jpg,2022-10-13 13:15:40,2023-01-03 13:15:40
PRFL400,USR400,,08139710248,"Jalan Abdul Muis No. 6, Tangerang, Papua 68528",1993-04-22,https://cdn.dummyumkm.id/photos/PRFL400.jpg,2023-08-08 21:33:15,2023-11-22 21:33:15
PRFL401,USR401,L,08515112747,"Jl. Kiaracondong No. 414, Banjarmasin, Papua Barat 01059",1987-06-22,https://cdn.dummyumkm.id/photos/PRFL401.jpg,2021-08-03 12:05:17,2022-01-01 12:05:17
PRFL402,USR402,L,08226692758,"Jalan BKR No. 395, Yogyakarta, KI 88211",1993-11-02,https://cdn.dummyumkm.id/photos/PRFL402.jpg,2023-03-28 07:12:29,2024-01-13 07:12:29
PRFL403,USR403,P,08119038021,"Gang Tubagus Ismail No. 407, Madiun, MA 60824",2002-04-18,https://cdn.dummyumkm.id/photos/PRFL403.jpg,2022-06-16 18:52:34,2022-10-28 18:52:34
PRFL404,USR404,P,08538711216,"Jalan Jayawijaya No. 6, Tanjungpinang, KS 02294",1990-09-05,https://cdn.dummyumkm.id/photos/PRFL404.jpg,2023-09-27 08:18:05,2024-05-20 08:18:05
PRFL405,USR405,L,08124708272,"Jl. Surapati No. 26, Kendari, Lampung 38047",1970-01-23,https://cdn.dummyumkm.id/photos/PRFL405.jpg,2022-01-18 22:53:58,2022-09-23 22:53:58
PRFL406,USR406,L,+628210306442,"Gg. Lembong No. 09, Sabang, Aceh 90880",1988-08-25,https://cdn.dummyumkm.id/photos/PRFL406.jpg,2022-04-08 07:52:30,2022-10-10 07:52:30
PRFL407,USR407,L,+628222016542,"Jl. Astana Anyar No. 5, Gorontalo, Sumatera Selatan 88372",1980-03-18,https://cdn.dummyumkm.id/photos/PRFL407.jpg,2022-05-08 12:08:08,2022-12-08 12:08:08
PRFL408,USR408,L,+628520893199,"Gang M.H Thamrin No. 148, Sibolga, Kalimantan Tengah 24493",2001-09-28,https://cdn.dummyumkm.id/photos/PRFL408.jpg,2022-03-01 19:14:09,2022-10-10 19:14:09
PRFL409,USR409,,08580727910,"Gang BKR No. 71, Malang, KR 23616",1983-09-12,https://cdn.dummyumkm.id/photos/PRFL409.jpg,2022-09-05 21:14:09,2023-02-14 21:14:09
PRFL410,USR410,L,08579055044,"Jl. Moch. Toha No. 599, Purwokerto, JK 97631",1999-03-04,https://cdn.dummyumkm.id/photos/PRFL410.jpg,2021-03-07 08:21:08,2021-06-25 08:21:08
PRFL411,USR411,P,08785127652,"Jl. Setiabudhi No. 8, Tanjungbalai, SG 20856",2005-05-15,https://cdn.dummyumkm.id/photos/PRFL411.jpg,2023-10-17 00:24:38,2024-04-14 00:24:38
PRFL412,USR412,L,08121110961,"Jl. Sadang Serang No. 27, Madiun, MU 29295",1973-07-02,https://cdn.dummyumkm.id/photos/PRFL412.jpg,2022-02-26 04:33:37,2022-10-07 04:33:37
PRFL413,USR413,L,08213786137,"Gg. Veteran No. 422, Kediri, MU 68287",1982-06-10,https://cdn.dummyumkm.id/photos/PRFL413.jpg,2023-07-01 14:37:36,2023-07-17 14:37:36
PRFL414,USR414,L,+628224463060,"Jalan Ahmad Dahlan No. 81, Pariaman, Papua 24038",1965-05-07,https://cdn.dummyumkm.id/photos/PRFL414.jpg,2023-09-19 00:17:51,2024-04-08 00:17:51
PRFL415,USR415,P,08523863960,"Jalan R.E Martadinata No. 0, Sibolga, ST 87845",1988-05-03,https://cdn.dummyumkm.id/photos/PRFL415.jpg,2021-06-06 04:35:08,2021-11-15 04:35:08
PRFL416,USR416,L,08136312819,"Jl. Cempaka No. 91, Palembang, Jawa Barat 29056",1985-10-30,https://cdn.dummyumkm.id/photos/PRFL416.jpg,2021-09-03 08:28:12,2021-11-30 08:28:12
PRFL417,USR417,L,+628962098196,"Gg. Gedebage Selatan No. 7, Surabaya, NT 06829",1990-11-29,https://cdn.dummyumkm.id/photos/PRFL417.jpg,2023-10-08 13:50:25,2024-01-20 13:50:25
PRFL418,USR418,P,08216404120,"Jl. HOS. Cokroaminoto No. 7, Dumai, BT 49938",1987-08-19,https://cdn.dummyumkm.id/photos/PRFL418.jpg,2021-04-02 21:44:27,2021-07-24 21:44:27
PRFL419,USR419,P,08121753617,"Gg. H.J Maemunah No. 970, Palopo, GO 90116",1965-12-02,https://cdn.dummyumkm.id/photos/PRFL419.jpg,2021-02-27 22:34:45,2021-05-10 22:34:45
PRFL420,USR420,P,08532240299,"Jalan Joyoboyo No. 60, Jayapura, Nusa Tenggara Timur 81431",1971-07-11,https://cdn.dummyumkm.id/photos/PRFL420.jpg,2021-02-26 10:50:51,2021-09-28 10:50:51
PRFL421,USR421,L,08219080882,"Gg. Cikutra Timur No. 575, Pasuruan, BT 48813",2000-06-01,https://cdn.dummyumkm.id/photos/PRFL421.jpg,2022-03-26 16:06:39,2022-12-30 16:06:39
PRFL422,USR422,,08125847768,"Gg. Jayawijaya No. 558, Batam, Sulawesi Tenggara 14001",1982-01-13,https://cdn.dummyumkm.id/photos/PRFL422.jpg,2022-06-05 11:16:31,2022-08-08 11:16:31
PRFL423,USR423,P,08964237676,"Jl. Veteran No. 387, Tegal, SG 91523",1986-01-30,https://cdn.dummyumkm.id/photos/PRFL423.jpg,2021-07-28 11:20:11,2021-12-18 11:20:11
PRFL424,USR424,L,08571720849,"Gg. K.H. Wahid Hasyim No. 61, Metro, DKI Jakarta 06084",1966-11-04,https://cdn.dummyumkm.id/photos/PRFL424.jpg,2022-05-29 16:47:48,2022-09-08 16:47:48
PRFL425,USR425,P,+628211355251,"Gang Monginsidi No. 052, Sabang, RI 70071",1965-10-09,https://cdn.dummyumkm.id/photos/PRFL425.jpg,2021-01-22 21:05:48,2021-07-06 21:05:48
PRFL426,USR426,L,08963831849,"Jl. Cikapayang No. 0, Palu, Kepulauan Bangka Belitung 10142",2006-03-25,https://cdn.dummyumkm.id/photos/PRFL426.jpg,2021-10-28 01:34:29,2022-02-24 01:34:29
PRFL427,USR427,P,+628210770461,"Gang Erlangga No. 7, Kota Administrasi Jakarta Barat, BB 64478",2005-10-05,https://cdn.dummyumkm.id/photos/PRFL427.jpg,2022-10-27 09:55:58,2023-06-06 09:55:58
PRFL428,USR428,L,08534260880,"Jl. Raya Ujungberung No. 996, Bandar Lampung, SB 15047",1968-06-23,https://cdn.dummyumkm.id/photos/PRFL428.jpg,2021-08-07 10:23:26,2021-12-30 10:23:26
PRFL429,USR429,P,08128579064,"Jl. Medokan Ayu No. 135, Tanjungpinang, SU 73997",1984-04-05,https://cdn.dummyumkm.id/photos/PRFL429.jpg,2022-01-01 20:52:07,2022-05-21 20:52:07
PRFL430,USR430,L,08586321358,"Jalan Rawamangun No. 302, Bandung, Papua Barat 40397",1983-05-15,https://cdn.dummyumkm.id/photos/PRFL430.jpg,2023-06-09 22:24:56,2023-10-01 22:24:56
PRFL431,USR431,L,08524229712,"Jl. Rumah Sakit No. 50, Denpasar, DI Yogyakarta 60618",1967-06-28,https://cdn.dummyumkm.id/photos/PRFL431.jpg,2023-11-04 08:52:15,2024-04-07 08:52:15
PRFL432,USR432,P,08534573144,"Jl. Rajawali Barat No. 57, Batam, Kalimantan Selatan 75216",1979-07-31,https://cdn.dummyumkm.id/photos/PRFL432.jpg,2023-12-29 22:30:26,2024-09-24 22:30:26
PRFL433,USR433,L,,"Gang Merdeka No. 6, Palu, NB 39913",1973-05-01,https://cdn.dummyumkm.id/photos/PRFL433.jpg,2022-04-04 07:47:56,2022-05-13 07:47:56
PRFL434,USR434,P,08227281235,"Gg. Sukajadi No. 7, Surakarta, SG 32011",2002-06-15,https://cdn.dummyumkm.id/photos/PRFL434.jpg,2021-08-26 23:10:18,2022-05-23 23:10:18
PRFL435,USR435,L,08961271130,"Jl. Otto Iskandardinata No. 06, Mojokerto, Sulawesi Barat 63750",1973-08-01,https://cdn.dummyumkm.id/photos/PRFL435.jpg,2023-05-04 04:56:47,2023-12-06 04:56:47
PRFL436,USR436,L,08136868507,"Gang Sukajadi No. 497, Bukittinggi, Sulawesi Tenggara 22273",1966-02-10,https://cdn.dummyumkm.id/photos/PRFL436.jpg,2021-12-06 06:58:31,2022-04-20 06:58:31
PRFL437,USR437,P,08789786103,"Gang Yos Sudarso No. 7, Ternate, SR 33062",1999-04-25,https://cdn.dummyumkm.id/photos/PRFL437.jpg,2021-05-08 04:20:46,2021-08-12 04:20:46
PRFL438,USR438,P,08966661347,"Jl. Lembong No. 615, Batu, BE 81466",1973-10-15,https://cdn.dummyumkm.id/photos/PRFL438.jpg,2023-05-27 09:44:04,2023-06-29 09:44:04
PRFL439,USR439,L,08584325122,"Jl. Pasteur No. 53, Dumai, Aceh 86368",1985-11-13,https://cdn.dummyumkm.id/photos/PRFL439.jpg,2023-06-09 15:51:57,2023-06-10 15:51:57
PRFL440,USR440,P,08130957907,"Gang Dipatiukur No. 5, Tebingtinggi, JI 83723",1996-10-17,https://cdn.dummyumkm.id/photos/PRFL440.jpg,2021-06-30 13:44:31,2021-09-28 13:44:31
PRFL441,USR441,P,08132114577,"Jl. Cihampelas No. 38, Pematangsiantar, JT 63636",1976-06-26,https://cdn.dummyumkm.id/photos/PRFL441.jpg,2023-03-04 20:10:20,2023-07-30 20:10:20
PRFL442,USR442,L,+628518971480,"Jl. S. Parman No. 54, Depok, KU 77660",1981-03-16,https://cdn.dummyumkm.id/photos/PRFL442.jpg,2022-12-11 14:40:53,2022-12-17 14:40:53
PRFL443,USR443,L,08525313614,"Gang Laswi No. 2, Tegal, Papua 25141",1977-08-31,https://cdn.dummyumkm.id/photos/PRFL443.jpg,2021-02-03 19:39:41,2021-02-18 19:39:41
PRFL444,USR444,P,08524430985,"Gg. Moch. Toha No. 512, Kediri, BA 18408",1985-12-27,https://cdn.dummyumkm.id/photos/PRFL444.jpg,2021-03-12 08:31:34,2021-09-06 08:31:34
PRFL445,USR445,L,08532849824,"Jalan Peta No. 81, Kendari, Riau 34505",1986-12-13,https://cdn.dummyumkm.id/photos/PRFL445.jpg,2021-04-18 05:13:12,2021-04-22 05:13:12
PRFL446,USR446,,+628110425488,"Gg. Pacuan Kuda No. 913, Tegal, Maluku 99829",1985-04-06,https://cdn.dummyumkm.id/photos/PRFL446.jpg,2021-07-30 09:09:14,2021-10-01 09:09:14
PRFL447,USR447,L,08117536661,"Jalan Cikapayang No. 12, Depok, Kepulauan Riau 17848",1978-01-22,https://cdn.dummyumkm.id/photos/PRFL447.jpg,2022-08-05 16:54:53,2023-05-31 16:54:53
PRFL448,USR448,L,+628214268344,"Gang Moch. Ramdan No. 4, Prabumulih, KT 71126",1993-07-14,https://cdn.dummyumkm.id/photos/PRFL448.jpg,2022-08-07 13:04:50,2023-01-19 13:04:50
PRFL449,USR449,P,08575756766,"Gang Kapten Muslihat No. 9, Palembang, BB 08893",2003-08-23,https://cdn.dummyumkm.id/photos/PRFL449.jpg,2023-10-13 05:31:01,2024-05-23 05:31:01
PRFL450,USR450,L,08219852989,"Gang Monginsidi No. 356, Subulussalam, Kalimantan Utara 87830",2002-02-28,https://cdn.dummyumkm.id/photos/PRFL450.jpg,2023-04-02 12:40:44,2023-06-12 12:40:44
PRFL451,USR451,P,,-,1991-07-26,https://cdn.dummyumkm.id/photos/PRFL451.jpg,2022-04-09 11:46:42,2022-12-30 11:46:42
PRFL452,USR452,P,08111980382,"Jalan Kebonjati No. 84, Pasuruan, SS 16512",1974-05-17,https://cdn.dummyumkm.id/photos/PRFL452.jpg,2021-12-23 18:29:49,2022-10-08 18:29:49
PRFL453,USR453,L,08117931102,"Jalan Medokan Ayu No. 1, Tangerang, MU 77785",1995-04-23,https://cdn.dummyumkm.id/photos/PRFL453.jpg,2021-06-25 07:09:11,2021-09-12 07:09:11
PRFL454,USR454,P,,"Gg. W.R. Supratman No. 10, Bitung, Banten 94672",1971-09-01,https://cdn.dummyumkm.id/photos/PRFL454.jpg,2021-01-25 07:19:03,2021-10-10 07:19:03
PRFL455,USR455,L,08539162022,"Jl. Lembong No. 7, Tual, KB 22416",1975-11-14,https://cdn.dummyumkm.id/photos/PRFL455.jpg,2023-07-18 15:02:10,2024-04-22 15:02:10
PRFL456,USR456,P,08129754661,"Gg. Abdul Muis No. 673, Prabumulih, SG 45707",1974-03-14,https://cdn.dummyumkm.id/photos/PRFL456.jpg,2022-09-17 21:32:21,2023-05-18 21:32:21
PRFL457,USR457,,,"Jalan K.H. Wahid Hasyim No. 996, Pasuruan, JI 42687",1998-12-01,https://cdn.dummyumkm.id/photos/PRFL457.jpg,2021-03-29 16:23:10,2021-04-03 16:23:10
PRFL458,USR458,,+628518835868,"Gang Waringin No. 1, Bontang, Aceh 27817",1996-02-02,https://cdn.dummyumkm.id/photos/PRFL458.jpg,2023-06-14 22:57:00,2024-02-03 22:57:00
PRFL459,USR459,L,08226176792,"Jl. Ciumbuleuit No. 8, Probolinggo, Sulawesi Tenggara 34205",1972-07-07,https://cdn.dummyumkm.id/photos/PRFL459.jpg,2022-01-04 00:25:21,2022-03-16 00:25:21
PRFL460,USR460,P,08521002311,"Gang Dipatiukur No. 06, Medan, Jawa Barat 47164",1966-03-06,https://cdn.dummyumkm.id/photos/PRFL460.jpg,2022-10-05 10:38:31,2023-07-29 10:38:31
PRFL461,USR461,L,08526109410,"Gg. HOS. Cokroaminoto No. 29, Lubuklinggau, SU 97924",2000-08-14,https://cdn.dummyumkm.id/photos/PRFL461.jpg,2021-09-30 01:26:18,2021-11-22 01:26:18
PRFL462,USR462,L,08968334774,"Gang Raya Ujungberung No. 74, Tomohon, Sulawesi Tenggara 59429",1987-04-26,https://cdn.dummyumkm.id/photos/PRFL462.jpg,2022-06-20 00:42:55,2022-12-01 00:42:55
PRFL463,USR463,P,08210205698,"Jalan Lembong No. 570, Bengkulu, Riau 27470",1990-01-17,https://cdn.dummyumkm.id/photos/PRFL463.jpg,2023-12-18 16:15:32,2023-12-30 16:15:32
PRFL464,USR464,P,+628782176619,"Jl. Rajiman No. 68, Kupang, Sumatera Selatan 90212",2007-12-14,https://cdn.dummyumkm.id/photos/PRFL464.jpg,2023-04-16 15:25:09,2023-12-14 15:25:09
PRFL465,USR465,P,08224651241,"Jl. Veteran No. 32, Cilegon, KU 83702",1987-08-08,https://cdn.dummyumkm.id/photos/PRFL465.jpg,2021-08-13 05:49:23,2022-05-16 05:49:23
PRFL466,USR466,P,08220056435,"Jl. Cikapayang No. 68, Kota Administrasi Jakarta Selatan, Sumatera Selatan 87436",1988-07-11,https://cdn.dummyumkm.id/photos/PRFL466.jpg,2022-10-10 00:32:19,2022-12-05 00:32:19
PRFL467,USR467,L,,"Jalan Merdeka No. 280, Semarang, SS 68680",1974-09-01,https://cdn.dummyumkm.id/photos/PRFL467.jpg,2022-05-29 01:05:48,2022-06-29 01:05:48
PRFL468,USR468,L,08134010783,"Jalan Cikutra Timur No. 03, Samarinda, Sumatera Selatan 45893",1972-06-27,https://cdn.dummyumkm.id/photos/PRFL468.jpg,2023-04-13 01:56:24,2023-05-24 01:56:24
PRFL469,USR469,L,08789608706,,1995-11-01,https://cdn.dummyumkm.id/photos/PRFL469.jpg,2023-07-29 18:53:44,2023-08-11 18:53:44
PRFL470,USR470,L,08516033190,"Jalan PHH. Mustofa No. 12, Sungai Penuh, LA 98224",1971-08-18,https://cdn.dummyumkm.id/photos/PRFL470.jpg,2023-11-10 01:29:23,2024-06-21 01:29:23
PRFL471,USR471,L,,"Jl. HOS. Cokroaminoto No. 2, Banjarbaru, PB 85139",2005-04-16,https://cdn.dummyumkm.id/photos/PRFL471.jpg,2022-04-16 23:40:07,2022-08-21 23:40:07
PRFL472,USR472,P,08527111483,"Gg. Rumah Sakit No. 029, Bengkulu, PA 09907",1990-11-30,https://cdn.dummyumkm.id/photos/PRFL472.jpg,2021-07-02 05:51:53,2021-11-04 05:51:53
PRFL473,USR473,P,+628223845881,"Gang Medokan Ayu No. 6, Magelang, JK 73223",1999-01-14,https://cdn.dummyumkm.id/photos/PRFL473.jpg,2023-07-28 21:43:20,2023-12-29 21:43:20
PRFL474,USR474,L,08211520377,"Gg. BKR No. 3, Kota Administrasi Jakarta Timur, Riau 67489",1999-03-22,https://cdn.dummyumkm.id/photos/PRFL474.jpg,2022-03-16 17:12:42,2022-12-07 17:12:42
PRFL475,USR475,L,08526703362,"Gang Ahmad Dahlan No. 8, Kota Administrasi Jakarta Utara, KS 79415",1974-08-06,https://cdn.dummyumkm.id/photos/PRFL475.jpg,2022-07-13 16:31:23,2022-08-25 16:31:23
PRFL476,USR476,,08963059660,"Gang Medokan Ayu No. 6, Padangpanjang, KB 72284",1995-10-31,https://cdn.dummyumkm.id/photos/PRFL476.jpg,2022-12-31 07:52:17,2023-06-21 07:52:17
PRFL477,USR477,L,08222673204,"Jl. Waringin No. 93, Madiun, Bengkulu 08350",1969-09-04,https://cdn.dummyumkm.id/photos/PRFL477.jpg,2022-10-06 00:26:07,2023-07-26 00:26:07
PRFL478,USR478,P,08514490149,"Gang Pelajar Pejuang No. 6, Meulaboh, KS 91241",1995-06-10,https://cdn.dummyumkm.id/photos/PRFL478.jpg,2022-02-10 02:21:48,2022-11-29 02:21:48
PRFL479,USR479,P,08216091498,"Jl. Soekarno Hatta No. 803, Sungai Penuh, LA 91479",1986-07-01,https://cdn.dummyumkm.id/photos/PRFL479.jpg,2021-08-25 18:18:33,2022-04-20 18:18:33
PRFL480,USR480,L,08139031028,"Gg. Pasteur No. 08, Tangerang Selatan, JA 54622",1965-05-20,https://cdn.dummyumkm.id/photos/PRFL480.jpg,2023-02-15 15:18:30,2023-10-26 15:18:30
PRFL481,USR481,L,,"Jalan Setiabudhi No. 8, Dumai, Riau 50990",1992-04-30,https://cdn.dummyumkm.id/photos/PRFL481.jpg,2023-01-30 01:06:53,2023-06-11 01:06:53
PRFL482,USR482,P,08213595616,"Gang Otto Iskandardinata No. 64, Jambi, SU 37509",1979-06-16,https://cdn.dummyumkm.id/photos/PRFL482.jpg,2022-07-02 02:04:45,2022-12-28 02:04:45
PRFL483,USR483,L,08229025042,"Gg. Moch. Ramdan No. 5, Kota Administrasi Jakarta Barat, Maluku Utara 00221",1970-07-29,https://cdn.dummyumkm.id/photos/PRFL483.jpg,2023-04-23 04:19:36,2023-11-17 04:19:36
PRFL484,USR484,P,08216902611,"Gg. Kiaracondong No. 2, Kota Administrasi Jakarta Barat, Jambi 78609",1973-05-24,https://cdn.dummyumkm.id/photos/PRFL484.jpg,2021-04-26 11:14:18,2022-01-11 11:14:18
PRFL485,USR485,L,08578875439,"Jalan Moch. Ramdan No. 59, Bontang, BB 26169",1968-09-21,https://cdn.dummyumkm.id/photos/PRFL485.jpg,2023-09-07 18:15:42,2024-06-03 18:15:42
PRFL486,USR486,P,+628217651588,"Jl. Raya Ujungberung No. 5, Solok, JT 48159",1970-04-03,https://cdn.dummyumkm.id/photos/PRFL486.jpg,2022-12-10 09:16:20,2023-05-20 09:16:20
PRFL487,USR487,L,08138369294,"Gg. Indragiri No. 088, Dumai, SR 68346",1965-04-19,https://cdn.dummyumkm.id/photos/PRFL487.jpg,2023-01-21 15:09:23,2023-05-18 15:09:23
PRFL488,USR488,P,08212702164,"Jl. Surapati No. 94, Yogyakarta, Jawa Timur 55520",1989-11-16,https://cdn.dummyumkm.id/photos/PRFL488.jpg,2021-01-26 23:35:45,2021-04-11 23:35:45
PRFL489,USR489,P,08786652683,"Gang Gegerkalong Hilir No. 098, Sabang, Banten 65532",1993-03-31,https://cdn.dummyumkm.id/photos/PRFL489.jpg,2023-02-20 03:58:14,2023-09-28 03:58:14
PRFL490,USR490,L,08577647229,"Gang KH Amin Jasuta No. 13, Makassar, Maluku Utara 62972",1971-01-16,https://cdn.dummyumkm.id/photos/PRFL490.jpg,2021-10-06 11:33:08,2021-10-29 11:33:08
PRFL491,USR491,P,08517289413,"Gg. Gedebage Selatan No. 577, Samarinda, BT 70086",1986-07-10,https://cdn.dummyumkm.id/photos/PRFL491.jpg,2023-08-21 19:06:16,2024-02-26 19:06:16
PRFL492,USR492,L,,"Gg. Dipatiukur No. 843, Tasikmalaya, RI 92489",1984-09-25,https://cdn.dummyumkm.id/photos/PRFL492.jpg,2021-05-03 18:03:03,2021-08-02 18:03:03
PRFL493,USR493,P,08537324491,"Jalan PHH. Mustofa No. 97, Tebingtinggi, Bengkulu 38415",1992-06-15,https://cdn.dummyumkm.id/photos/PRFL493.jpg,2023-12-20 02:51:14,2024-05-28 02:51:14
PRFL494,USR494,L,08210705349,"Jl. Moch. Toha No. 5, Bau-Bau, SN 92057",1983-09-23,https://cdn.dummyumkm.id/photos/PRFL494.jpg,2023-10-07 13:49:16,2024-01-01 13:49:16
PRFL495,USR495,L,08221241513,"Jalan Ahmad Dahlan No. 718, Binjai, YO 91849",1998-09-11,https://cdn.dummyumkm.id/photos/PRFL495.jpg,2021-03-29 04:06:59,2021-05-29 04:06:59
PRFL496,USR496,L,08116185380,"Jl. Setiabudhi No. 222, Padang Sidempuan, ST 30076",1985-12-24,https://cdn.dummyumkm.id/photos/PRFL496.jpg,2023-09-29 19:53:04,2023-11-05 19:53:04
PRFL497,USR497,P,08137274231,"Jalan Joyoboyo No. 0, Cimahi, SU 83937",1997-08-09,https://cdn.dummyumkm.id/photos/PRFL497.jpg,2023-04-01 11:12:05,2023-07-22 11:12:05
PRFL498,USR498,,,"Gang Rajawali Barat No. 8, Surakarta, Sulawesi Barat 89432",1992-01-08,https://cdn.dummyumkm.id/photos/PRFL498.jpg,2023-05-31 11:14:40,2023-09-14 11:14:40
PRFL499,USR499,P,08223477695,"Gang Stasiun Wonokromo No. 7, Mojokerto, BA 76948",1979-02-21,https://cdn.dummyumkm.id/photos/PRFL499.jpg,2022-03-12 13:03:48,2022-11-14 13:03:48
PRFL500,USR500,L,08576127515,"Gang Pasteur No. 457, Meulaboh, KB 91698",2005-06-02,https://cdn.dummyumkm.id/photos/PRFL500.jpg,2022-05-04 12:50:21,2022-12-04 12:50:21
PRFL501,USR501,P,08520854566,"Jalan Yos Sudarso No. 8, Pontianak, Nusa Tenggara Timur 21937",1982-02-14,https://cdn.dummyumkm.id/photos/PRFL501.jpg,2022-09-11 17:33:06,2023-01-09 17:33:06
PRFL502,USR502,P,08227639283,"Jalan Cihampelas No. 506, Metro, Kalimantan Selatan 48375",1981-11-20,https://cdn.dummyumkm.id/photos/PRFL502.jpg,2022-08-28 12:48:35,2022-12-18 12:48:35
PRFL503,USR503,L,08585581083,,1999-03-03,https://cdn.dummyumkm.id/photos/PRFL503.jpg,2021-08-06 09:44:10,2021-08-16 09:44:10
PRFL504,USR504,P,08515638300,"Gg. BKR No. 9, Batu, SG 32194",1969-12-24,https://cdn.dummyumkm.id/photos/PRFL504.jpg,2022-06-22 06:34:36,2022-10-17 06:34:36
PRFL505,USR505,P,+628221662411,,2004-05-22,https://cdn.dummyumkm.id/photos/PRFL505.jpg,2023-07-30 02:19:33,2023-12-31 02:19:33
PRFL506,USR506,,08964568044,"Gang Stasiun Wonokromo No. 94, Magelang, Kepulauan Bangka Belitung 75500",1971-03-24,https://cdn.dummyumkm.id/photos/PRFL506.jpg,2022-05-23 00:12:12,2022-08-08 00:12:12
PRFL507,USR507,L,08588836076,"Jl. Kapten Muslihat No. 21, Tual, Sumatera Selatan 97114",1983-01-19,https://cdn.dummyumkm.id/photos/PRFL507.jpg,2021-12-21 09:36:56,2022-07-17 09:36:56
PRFL508,USR508,L,08539145211,"Jalan Kapten Muslihat No. 3, Surakarta, Sumatera Selatan 30905",1975-10-25,https://cdn.dummyumkm.id/photos/PRFL508.jpg,2023-06-30 03:00:27,2024-01-19 03:00:27
PRFL509,USR509,L,+628210746452,"Gang Kendalsari No. 56, Ternate, JI 43503",1998-08-29,https://cdn.dummyumkm.id/photos/PRFL509.jpg,2022-01-18 20:18:49,2022-09-17 20:18:49
PRFL510,USR510,P,08513577881,"Jl. M.H Thamrin No. 3, Makassar, Kalimantan Utara 58669",1993-11-16,https://cdn.dummyumkm.id/photos/PRFL510.jpg,2023-09-12 17:32:16,2024-06-25 17:32:16
PRFL511,USR511,L,08120672872,,1983-07-03,https://cdn.dummyumkm.id/photos/PRFL511.jpg,2021-01-09 01:41:30,2021-03-12 01:41:30
PRFL512,USR512,,08519224839,"Gg. KH Amin Jasuta No. 8, Lhokseumawe, Papua 32619",1998-09-13,https://cdn.dummyumkm.id/photos/PRFL512.jpg,2021-07-25 20:13:09,2021-12-10 20:13:09
PRFL513,USR513,P,08530562271,"Gg. H.J Maemunah No. 104, Mojokerto, Sulawesi Utara 30238",1999-01-14,https://cdn.dummyumkm.id/photos/PRFL513.jpg,2022-09-26 20:59:22,2022-12-04 20:59:22
PRFL514,USR514,P,08518350344,"Jl. Gedebage Selatan No. 5, Tebingtinggi, Sumatera Barat 58116",1992-12-12,https://cdn.dummyumkm.id/photos/PRFL514.jpg,2022-05-19 23:38:21,2022-11-04 23:38:21
PRFL515,USR515,L,08129213424,"Jl. M.T Haryono No. 2, Gorontalo, GO 65584",1993-06-30,https://cdn.dummyumkm.id/photos/PRFL515.jpg,2021-05-12 13:49:36,2022-02-23 13:49:36
PRFL516,USR516,P,,"Gang Jayawijaya No. 7, Serang, BA 57405",1984-10-23,https://cdn.dummyumkm.id/photos/PRFL516.jpg,2023-06-08 12:13:49,2024-02-05 12:13:49
PRFL517,USR517,P,,"Gg. Surapati No. 30, Pematangsiantar, SB 55291",1976-01-11,https://cdn.dummyumkm.id/photos/PRFL517.jpg,2022-04-13 18:59:14,2022-07-06 18:59:14
PRFL518,USR518,L,08123866675,"Jalan Gedebage Selatan No. 7, Tarakan, KI 12936",1985-10-27,https://cdn.dummyumkm.id/photos/PRFL518.jpg,2022-10-17 03:49:59,2023-06-15 03:49:59
PRFL519,USR519,L,+628787741865,"Jalan Ahmad Dahlan No. 17, Pagaralam, YO 85551",1969-09-08,https://cdn.dummyumkm.id/photos/PRFL519.jpg,2022-01-19 01:32:38,2022-06-10 01:32:38
PRFL520,USR520,P,08216520375,"Gang Pasir Koja No. 761, Dumai, SN 73290",1981-06-03,https://cdn.dummyumkm.id/photos/PRFL520.jpg,2021-06-16 04:13:08,2021-10-03 04:13:08
PRFL521,USR521,P,08114760440,"Jl. Soekarno Hatta No. 4, Banda Aceh, Kalimantan Selatan 42171",2001-10-18,https://cdn.dummyumkm.id/photos/PRFL521.jpg,2023-08-22 10:26:26,2024-05-05 10:26:26
PRFL522,USR522,L,08781050922,"Gg. Pelajar Pejuang No. 14, Padang Sidempuan, Lampung 40679",1980-01-27,https://cdn.dummyumkm.id/photos/PRFL522.jpg,2023-10-09 08:24:47,2024-01-05 08:24:47
PRFL523,USR523,P,08223905529,,1984-07-21,https://cdn.dummyumkm.id/photos/PRFL523.jpg,2023-12-17 02:22:32,2024-01-17 02:22:32
PRFL524,USR524,P,08221270493,"Jl. Jend. A. Yani No. 56, Manado, JI 09389",2003-11-26,https://cdn.dummyumkm.id/photos/PRFL524.jpg,2022-05-11 18:18:52,2022-06-11 18:18:52
PRFL525,USR525,L,+628129711121,"Gg. Sadang Serang No. 900, Banjarbaru, KU 14850",1996-04-26,https://cdn.dummyumkm.id/photos/PRFL525.jpg,2022-01-12 14:13:58,2022-07-05 14:13:58
PRFL526,USR526,P,+628214324064,"Jalan Cihampelas No. 98, Denpasar, Jawa Timur 92409",1971-06-02,https://cdn.dummyumkm.id/photos/PRFL526.jpg,2021-06-26 22:02:44,2022-01-03 22:02:44
PRFL527,USR527,L,08587417595,"Gg. Rungkut Industri No. 9, Sawahlunto, KS 27878",1968-03-14,https://cdn.dummyumkm.id/photos/PRFL527.jpg,2023-11-26 00:05:20,2024-03-07 00:05:20
PRFL528,USR528,L,08138936543,"Gang Indragiri No. 86, Lubuklinggau, Gorontalo 13633",1989-12-23,https://cdn.dummyumkm.id/photos/PRFL528.jpg,2021-11-22 16:15:31,2021-12-10 16:15:31
PRFL529,USR529,L,08782727955,"Gang Bangka Raya No. 121, Tomohon, DKI Jakarta 85373",1965-10-24,https://cdn.dummyumkm.id/photos/PRFL529.jpg,2022-09-28 13:54:14,2023-05-25 13:54:14
PRFL530,USR530,P,+628511254278,"Jl. Rajawali Timur No. 37, Bengkulu, GO 75475",1982-03-01,https://cdn.dummyumkm.id/photos/PRFL530.jpg,2023-10-21 04:44:07,2023-10-25 04:44:07
PRFL531,USR531,P,08585957640,"Jalan Siliwangi No. 323, Manado, Kepulauan Riau 25034",2007-02-25,https://cdn.dummyumkm.id/photos/PRFL531.jpg,2023-07-18 20:35:23,2024-02-07 20:35:23
PRFL532,USR532,L,08134983922,"Jalan Pasirkoja No. 694, Magelang, Bengkulu 78400",1968-09-10,https://cdn.dummyumkm.id/photos/PRFL532.jpg,2023-12-11 12:46:32,2024-07-03 12:46:32
PRFL533,USR533,L,+628137023244,"Jl. Bangka Raya No. 3, Kota Administrasi Jakarta Utara, JI 22299",1971-03-14,https://cdn.dummyumkm.id/photos/PRFL533.jpg,2023-04-15 01:18:21,2023-06-26 01:18:21
PRFL534,USR534,L,08532517863,"Jl. Dipatiukur No. 2, Pasuruan, Kalimantan Tengah 16976",1997-07-08,https://cdn.dummyumkm.id/photos/PRFL534.jpg,2023-10-19 13:09:58,2024-07-29 13:09:58
PRFL535,USR535,P,+628136546968,"Jl. Sentot Alibasa No. 58, Banjar, Jawa Tengah 01490",2007-08-15,https://cdn.dummyumkm.id/photos/PRFL535.jpg,2023-09-30 00:30:22,2024-04-15 00:30:22
PRFL536,USR536,L,+628119961327,"Jl. Bangka Raya No. 07, Palembang, JK 61827",1976-07-17,https://cdn.dummyumkm.id/photos/PRFL536.jpg,2022-10-31 16:32:45,2023-02-28 16:32:45
PRFL537,USR537,L,08577046226,"Jl. Ir. H. Djuanda No. 469, Bau-Bau, Kalimantan Timur 89582",1986-11-23,https://cdn.dummyumkm.id/photos/PRFL537.jpg,2023-05-17 19:30:08,2023-12-20 19:30:08
PRFL538,USR538,P,+628112529867,"Gang Tebet Barat Dalam No. 774, Pematangsiantar, SN 24460",1967-01-13,https://cdn.dummyumkm.id/photos/PRFL538.jpg,2022-12-21 08:14:51,2023-02-10 08:14:51
PRFL539,USR539,L,08538575851,"Gang Cikapayang No. 6, Magelang, ST 03944",1999-12-02,https://cdn.dummyumkm.id/photos/PRFL539.jpg,2021-02-08 03:45:43,2021-06-20 03:45:43
PRFL540,USR540,L,08223897607,"Jalan Dipatiukur No. 0, Banjarbaru, Sumatera Selatan 44395",1979-09-26,https://cdn.dummyumkm.id/photos/PRFL540.jpg,2021-06-30 07:22:42,2021-12-19 07:22:42
PRFL541,USR541,L,+628220842456,"Gang Jamika No. 15, Tomohon, YO 23824",2005-09-01,https://cdn.dummyumkm.id/photos/PRFL541.jpg,2022-12-09 08:01:51,2023-06-16 08:01:51
PRFL542,USR542,P,08128122764,"Jalan Tebet Barat Dalam No. 74, Kediri, Lampung 72524",1974-05-22,https://cdn.dummyumkm.id/photos/PRFL542.jpg,2022-11-12 16:00:36,2023-08-11 16:00:36
PRFL543,USR543,L,,"Jl. Cikapayang No. 97, Tanjungbalai, PB 41002",1991-02-27,https://cdn.dummyumkm.id/photos/PRFL543.jpg,2021-06-28 18:41:23,2022-04-15 18:41:23
PRFL544,USR544,L,08125466024,"Gg. Rajawali Timur No. 7, Pagaralam, JB 34479",1992-09-29,https://cdn.dummyumkm.id/photos/PRFL544.jpg,2021-09-13 07:33:52,2021-11-03 07:33:52
PRFL545,USR545,P,08968830597,"Gg. Monginsidi No. 9, Makassar, MU 43714",1965-05-24,https://cdn.dummyumkm.id/photos/PRFL545.jpg,2021-09-06 18:17:31,2021-12-13 18:17:31
PRFL546,USR546,L,08574406306,"Jalan Cempaka No. 75, Pagaralam, MU 00264",1966-04-10,https://cdn.dummyumkm.id/photos/PRFL546.jpg,2022-09-22 05:15:46,2022-10-15 05:15:46
PRFL547,USR547,L,08211949796,"Gang Kendalsari No. 3, Lubuklinggau, SB 54973",1984-09-16,https://cdn.dummyumkm.id/photos/PRFL547.jpg,2021-02-15 08:22:00,2021-06-08 08:22:00
PRFL548,USR548,P,+628537382646,,1979-11-02,https://cdn.dummyumkm.id/photos/PRFL548.jpg,2022-08-28 00:50:55,2023-02-07 00:50:55
PRFL549,USR549,P,08514457702,"Jalan BKR No. 0, Tarakan, Kalimantan Utara 97242",1989-02-19,https://cdn.dummyumkm.id/photos/PRFL549.jpg,2021-04-08 04:32:44,2021-05-20 04:32:44
PRFL550,USR550,L,08587368269,"Jl. Sadang Serang No. 388, Pariaman, KR 68587",2002-12-09,https://cdn.dummyumkm.id/photos/PRFL550.jpg,2022-05-22 09:35:54,2022-06-02 09:35:54
PRFL551,USR551,L,08586865369,"Gg. Joyoboyo No. 44, Probolinggo, NT 46659",1986-09-19,https://cdn.dummyumkm.id/photos/PRFL551.jpg,2023-03-31 18:38:30,2023-06-30 18:38:30
PRFL552,USR552,P,08216774722,"Gang H.J Maemunah No. 638, Tanjungpinang, Aceh 41447",1970-11-08,https://cdn.dummyumkm.id/photos/PRFL552.jpg,2023-07-01 21:07:19,2023-12-10 21:07:19
PRFL553,USR553,L,08526309329,"Gang Pelajar Pejuang No. 1, Pariaman, SG 90984",1999-09-05,https://cdn.dummyumkm.id/photos/PRFL553.jpg,2023-11-13 09:12:46,2024-01-02 09:12:46
PRFL554,USR554,L,08125096883,"Gg. Kapten Muslihat No. 07, Padang, Kalimantan Tengah 41138",1993-01-22,https://cdn.dummyumkm.id/photos/PRFL554.jpg,2023-11-11 02:04:48,2024-02-04 02:04:48
PRFL555,USR555,P,08113977397,"Gg. Peta No. 95, Solok, Kepulauan Bangka Belitung 76957",1980-05-11,https://cdn.dummyumkm.id/photos/PRFL555.jpg,2022-08-03 21:51:32,2022-11-13 21:51:32
PRFL556,USR556,L,08217100687,"Jalan Ahmad Yani No. 07, Kupang, KT 85581",1996-02-15,https://cdn.dummyumkm.id/photos/PRFL556.jpg,2023-06-12 22:19:21,2023-11-28 22:19:21
PRFL557,USR557,P,08580460568,"Jalan Monginsidi No. 812, Cirebon, DKI Jakarta 69604",1991-03-26,https://cdn.dummyumkm.id/photos/PRFL557.jpg,2023-09-30 09:02:23,2024-06-29 09:02:23
PRFL558,USR558,P,08135652373,"Jl. K.H. Wahid Hasyim No. 46, Payakumbuh, SU 42305",1969-12-27,https://cdn.dummyumkm.id/photos/PRFL558.jpg,2021-08-06 22:38:02,2022-05-29 22:38:02
PRFL559,USR559,L,+628587574949,"Gang Kebonjati No. 38, Solok, JK 82018",1970-10-19,https://cdn.dummyumkm.id/photos/PRFL559.jpg,2022-07-12 17:57:01,2022-11-14 17:57:01
PRFL560,USR560,,08964774222,"Jalan Suniaraja No. 28, Tebingtinggi, YO 14221",1998-04-10,https://cdn.dummyumkm.id/photos/PRFL560.jpg,2023-05-23 09:17:50,2023-10-19 09:17:50
PRFL561,USR561,P,08225886792,"Jalan Ronggowarsito No. 14, Tangerang Selatan, GO 81047",1991-06-26,https://cdn.dummyumkm.id/photos/PRFL561.jpg,2022-11-21 11:59:32,2023-09-15 11:59:32
PRFL562,USR562,P,08532760153,"Jalan Erlangga No. 9, Magelang, Sumatera Selatan 99285",1996-04-03,https://cdn.dummyumkm.id/photos/PRFL562.jpg,2021-12-09 13:56:09,2022-08-14 13:56:09
PRFL563,USR563,L,08570833506,"Gg. Abdul Muis No. 14, Bogor, KI 07796",1972-03-26,https://cdn.dummyumkm.id/photos/PRFL563.jpg,2022-12-12 10:10:37,2023-03-22 10:10:37
PRFL564,USR564,P,08117983342,"Jl. M.T Haryono No. 9, Tomohon, KT 24914",1980-12-27,https://cdn.dummyumkm.id/photos/PRFL564.jpg,2021-06-25 20:48:42,2022-03-27 20:48:42
PRFL565,USR565,P,08221312840,"Jalan Joyoboyo No. 80, Tangerang Selatan, Lampung 93932",2007-01-05,https://cdn.dummyumkm.id/photos/PRFL565.jpg,2022-07-24 21:35:53,2022-08-13 21:35:53
PRFL566,USR566,P,08217171731,"Gg. Ahmad Dahlan No. 07, Tual, YO 22005",1988-12-25,https://cdn.dummyumkm.id/photos/PRFL566.jpg,2023-04-29 17:31:35,2023-05-25 17:31:35
PRFL567,USR567,L,08573997046,"Gg. Moch. Toha No. 677, Tasikmalaya, Kepulauan Bangka Belitung 27934",1995-02-04,https://cdn.dummyumkm.id/photos/PRFL567.jpg,2022-01-20 12:38:52,2022-03-18 12:38:52
PRFL568,USR568,L,08514884712,"Jl. Cihampelas No. 9, Pangkalpinang, KI 69501",1988-01-28,https://cdn.dummyumkm.id/photos/PRFL568.jpg,2021-05-16 02:57:41,2021-10-16 02:57:41
PRFL569,USR569,P,08535823133,"Jl. Tubagus Ismail No. 61, Sawahlunto, KR 76229",2005-09-03,https://cdn.dummyumkm.id/photos/PRFL569.jpg,2021-11-23 00:49:30,2022-07-02 00:49:30
PRFL570,USR570,L,08133622925,"Jalan Kutisari Selatan No. 92, Banda Aceh, Kalimantan Tengah 83748",1975-02-24,https://cdn.dummyumkm.id/photos/PRFL570.jpg,2023-08-07 00:12:32,2023-11-22 00:12:32
PRFL571,USR571,L,08225245557,"Gang Ciwastra No. 04, Makassar, Sumatera Utara 00203",2006-05-10,https://cdn.dummyumkm.id/photos/PRFL571.jpg,2021-11-18 11:23:01,2022-04-01 11:23:01
PRFL572,USR572,,+628534033445,"Jl. Raya Setiabudhi No. 7, Kota Administrasi Jakarta Utara, Kalimantan Barat 19101",1975-09-09,https://cdn.dummyumkm.id/photos/PRFL572.jpg,2023-04-17 22:44:50,2023-10-15 22:44:50
PRFL573,USR573,P,08221132579,"Jalan Kiaracondong No. 33, Bukittinggi, KB 49994",1982-12-08,https://cdn.dummyumkm.id/photos/PRFL573.jpg,2022-02-20 07:16:18,2022-06-10 07:16:18
PRFL574,USR574,P,08966010548,"Gang Sadang Serang No. 3, Banjarmasin, Aceh 13799",2001-05-26,https://cdn.dummyumkm.id/photos/PRFL574.jpg,2021-05-28 22:15:05,2022-02-01 22:15:05
PRFL575,USR575,L,08964938173,"Gang Rajiman No. 737, Lhokseumawe, NB 11640",1986-01-01,https://cdn.dummyumkm.id/photos/PRFL575.jpg,2022-03-07 19:22:14,2022-10-04 19:22:14
PRFL576,USR576,P,,"Jalan Pacuan Kuda No. 12, Denpasar, Sumatera Selatan 71841",2003-08-26,https://cdn.dummyumkm.id/photos/PRFL576.jpg,2021-08-16 04:21:02,2021-10-26 04:21:02
PRFL577,USR577,L,08517375534,"Gang Pelajar Pejuang No. 39, Sukabumi, BT 31810",2002-06-21,https://cdn.dummyumkm.id/photos/PRFL577.jpg,2022-09-03 00:56:42,2023-04-19 00:56:42
PRFL578,USR578,P,08780850960,"Jalan Pasirkoja No. 681, Sukabumi, KB 37998",1991-12-06,https://cdn.dummyumkm.id/photos/PRFL578.jpg,2022-08-06 19:26:17,2023-02-24 19:26:17
PRFL579,USR579,L,08961818281,"Jalan Erlangga No. 54, Bandung, MA 92055",1968-07-03,https://cdn.dummyumkm.id/photos/PRFL579.jpg,2022-09-18 19:21:55,2023-03-07 19:21:55
PRFL580,USR580,P,08582512957,"Gang Cikutra Barat No. 21, Bekasi, NB 69147",1967-11-10,https://cdn.dummyumkm.id/photos/PRFL580.jpg,2022-12-08 08:16:56,2023-04-28 08:16:56
PRFL581,USR581,L,08113562439,"Gg. Rajiman No. 90, Batu, Kalimantan Tengah 05833",1966-09-15,https://cdn.dummyumkm.id/photos/PRFL581.jpg,2021-05-25 16:34:21,2021-05-28 16:34:21
PRFL582,USR582,L,+628589232342,"Jl. M.T Haryono No. 63, Surakarta, JI 60641",1988-01-05,https://cdn.dummyumkm.id/photos/PRFL582.jpg,2021-04-09 09:08:20,2022-01-28 09:08:20
PRFL583,USR583,L,08213342643,"Jalan Kiaracondong No. 4, Pekalongan, Jambi 93962",1971-04-28,https://cdn.dummyumkm.id/photos/PRFL583.jpg,2021-11-26 02:23:42,2021-12-31 02:23:42
PRFL584,USR584,,08117763369,"Jl. Jend. A. Yani No. 244, Bima, YO 47357",2006-07-21,https://cdn.dummyumkm.id/photos/PRFL584.jpg,2023-06-17 18:55:40,2023-12-26 18:55:40
PRFL585,USR585,P,08539556331,"Jalan Sadang Serang No. 95, Purwokerto, Bengkulu 67083",1998-11-11,https://cdn.dummyumkm.id/photos/PRFL585.jpg,2023-11-27 07:22:48,2024-01-28 07:22:48
PRFL586,USR586,P,08515416431,,1989-09-20,https://cdn.dummyumkm.id/photos/PRFL586.jpg,2022-12-15 22:27:00,2023-07-18 22:27:00
PRFL587,USR587,,08138227009,"Gg. Dipatiukur No. 400, Padang Sidempuan, BA 59546",2004-12-04,https://cdn.dummyumkm.id/photos/PRFL587.jpg,2021-01-02 01:12:01,2021-06-16 01:12:01
PRFL588,USR588,L,08132512073,"Jl. Rajawali Timur No. 589, Pasuruan, Kalimantan Timur 70701",1979-02-04,https://cdn.dummyumkm.id/photos/PRFL588.jpg,2023-10-07 17:39:07,2024-05-08 17:39:07
PRFL589,USR589,L,+628520869822,"Jalan Astana Anyar No. 590, Pangkalpinang, Jawa Timur 01027",2003-09-11,https://cdn.dummyumkm.id/photos/PRFL589.jpg,2023-10-14 20:48:29,2024-03-31 20:48:29
PRFL590,USR590,P,08787290477,"Gg. R.E Martadinata No. 64, Salatiga, Sumatera Barat 64774",2004-02-12,https://cdn.dummyumkm.id/photos/PRFL590.jpg,2021-09-15 03:13:20,2022-05-16 03:13:20
PRFL591,USR591,P,08963238223,"Jl. Otto Iskandardinata No. 88, Depok, Banten 53341",2006-05-29,https://cdn.dummyumkm.id/photos/PRFL591.jpg,2021-12-30 17:30:54,2022-02-17 17:30:54
PRFL592,USR592,L,08225798894,"Jl. Gedebage Selatan No. 374, Ambon, Papua 09567",2000-02-17,https://cdn.dummyumkm.id/photos/PRFL592.jpg,2021-05-02 01:45:58,2021-08-25 01:45:58
PRFL593,USR593,L,+628570320203,"Jalan Suryakencana No. 88, Pasuruan, Nusa Tenggara Barat 44986",2007-09-03,https://cdn.dummyumkm.id/photos/PRFL593.jpg,2021-01-13 12:35:39,2021-01-30 12:35:39
PRFL594,USR594,L,08539487148,"Gang Gedebage Selatan No. 553, Lubuklinggau, YO 12594",1993-09-07,https://cdn.dummyumkm.id/photos/PRFL594.jpg,2023-12-15 03:21:04,2024-10-05 03:21:04
PRFL595,USR595,P,+628518415608,"Gg. Jayawijaya No. 92, Pagaralam, Sulawesi Tenggara 83129",1981-06-14,https://cdn.dummyumkm.id/photos/PRFL595.jpg,2021-06-09 02:45:42,2022-01-28 02:45:42
PRFL596,USR596,L,+628536818268,"Gang Cihampelas No. 525, Pangkalpinang, Sulawesi Tengah 60060",1989-08-10,https://cdn.dummyumkm.id/photos/PRFL596.jpg,2021-07-26 20:03:04,2021-12-24 20:03:04
PRFL597,USR597,P,08968808583,"Jalan Rumah Sakit No. 3, Padangpanjang, Kalimantan Utara 71180",1975-06-25,https://cdn.dummyumkm.id/photos/PRFL597.jpg,2021-01-14 03:57:40,2021-07-14 03:57:40
PRFL598,USR598,P,08138963406,"Jalan Gedebage Selatan No. 699, Pariaman, PB 72575",1965-07-17,https://cdn.dummyumkm.id/photos/PRFL598.jpg,2023-09-03 16:31:15,2023-12-27 16:31:15
PRFL599,USR599,L,08219910622,"Jl. Bangka Raya No. 9, Lubuklinggau, Jawa Barat 19513",1983-01-16,https://cdn.dummyumkm.id/photos/PRFL599.jpg,2021-12-04 11:28:07,2022-05-06 11:28:07
PRFL600,USR600,P,08511342619,"Jl. Medokan Ayu No. 699, Denpasar, Sulawesi Tenggara 32330",1997-04-25,https://cdn.dummyumkm.id/photos/PRFL600.jpg,2022-08-20 13:44:50,2023-03-08 13:44:50
PRFL601,USR601,L,08781973741,"Gang Astana Anyar No. 4, Sibolga, AC 50303",1996-11-16,https://cdn.dummyumkm.id/photos/PRFL601.jpg,2022-03-07 06:06:09,2022-03-12 06:06:09
PRFL602,USR602,L,08116417692,"Gg. Tubagus Ismail No. 7, Tebingtinggi, GO 42108",1991-06-18,https://cdn.dummyumkm.id/photos/PRFL602.jpg,2023-08-02 20:42:45,2024-01-23 20:42:45
PRFL603,USR603,P,08965376601,"Jl. Indragiri No. 14, Kediri, Papua Barat 46562",2007-08-06,https://cdn.dummyumkm.id/photos/PRFL603.jpg,2023-10-20 19:07:52,2023-12-04 19:07:52
PRFL604,USR604,P,08511017397,"Jl. K.H. Wahid Hasyim No. 0, Tidore Kepulauan, Sumatera Selatan 95476",2004-05-18,https://cdn.dummyumkm.id/photos/PRFL604.jpg,2022-09-01 13:32:11,2023-04-03 13:32:11
PRFL605,USR605,L,+628576091919,"Gang Jamika No. 94, Bengkulu, BB 63806",1965-06-09,https://cdn.dummyumkm.id/photos/PRFL605.jpg,2022-01-07 19:16:55,2022-10-23 19:16:55
PRFL606,USR606,P,08115779806,"Jl. M.H Thamrin No. 6, Singkawang, NT 95601",1969-05-31,https://cdn.dummyumkm.id/photos/PRFL606.jpg,2021-04-21 07:31:09,2021-11-22 07:31:09
PRFL607,USR607,L,08520745553,"Gg. Sentot Alibasa No. 06, Depok, Lampung 02837",1977-11-16,https://cdn.dummyumkm.id/photos/PRFL607.jpg,2021-07-25 00:40:42,2021-10-25 00:40:42
PRFL608,USR608,P,08785652715,"Gg. Abdul Muis No. 07, Bima, Jawa Tengah 34978",2007-07-29,https://cdn.dummyumkm.id/photos/PRFL608.jpg,2023-11-27 21:55:30,2024-02-17 21:55:30
PRFL609,USR609,P,08532634755,"Gang Kapten Muslihat No. 935, Sungai Penuh, Sumatera Barat 86305",1971-07-30,https://cdn.dummyumkm.id/photos/PRFL609.jpg,2021-01-26 22:13:33,2021-03-13 22:13:33
PRFL610,USR610,L,08578488269,,1988-08-31,https://cdn.dummyumkm.id/photos/PRFL610.jpg,2021-04-04 22:26:32,2022-01-26 22:26:32
PRFL611,USR611,L,08516261499,"Jl. Otto Iskandardinata No. 35, Makassar, Nusa Tenggara Barat 50385",1990-12-28,https://cdn.dummyumkm.id/photos/PRFL611.jpg,2023-02-18 08:27:33,2023-07-02 08:27:33
PRFL612,USR612,L,+628533333732,"Jl. Jend. Sudirman No. 63, Pasuruan, Gorontalo 23148",2004-12-04,https://cdn.dummyumkm.id/photos/PRFL612.jpg,2023-04-14 12:35:10,2023-07-02 12:35:10
PRFL613,USR613,L,08216289696,"Gang Ahmad Yani No. 0, Solok, LA 93895",1968-01-20,https://cdn.dummyumkm.id/photos/PRFL613.jpg,2023-03-06 06:49:14,2023-10-04 06:49:14
PRFL614,USR614,P,08518512538,"Gg. Soekarno Hatta No. 40, Probolinggo, Jawa Tengah 35847",1975-10-12,https://cdn.dummyumkm.id/photos/PRFL614.jpg,2022-08-30 23:31:34,2023-03-04 23:31:34
PRFL615,USR615,P,08578374907,"Gg. Cempaka No. 771, Madiun, Sulawesi Utara 73311",1973-12-01,https://cdn.dummyumkm.id/photos/PRFL615.jpg,2021-04-13 16:56:56,2021-08-07 16:56:56
PRFL616,USR616,P,08532151494,,2004-12-08,https://cdn.dummyumkm.id/photos/PRFL616.jpg,2021-03-31 22:53:24,2022-01-11 22:53:24
PRFL617,USR617,L,08584539862,"Gang Rumah Sakit No. 29, Tomohon, ST 72014",1971-03-18,https://cdn.dummyumkm.id/photos/PRFL617.jpg,2023-08-04 18:55:02,2023-11-22 18:55:02
PRFL618,USR618,P,08129186233,-,1997-02-22,https://cdn.dummyumkm.id/photos/PRFL618.jpg,2021-07-05 13:09:29,2022-01-04 13:09:29
PRFL619,USR619,L,08126966672,"Jl. Waringin No. 462, Tebingtinggi, KB 43160",1977-04-17,https://cdn.dummyumkm.id/photos/PRFL619.jpg,2022-06-23 14:06:14,2023-03-03 14:06:14
PRFL620,USR620,P,08523351571,"Gg. Tubagus Ismail No. 33, Mojokerto, SS 74803",2003-11-14,https://cdn.dummyumkm.id/photos/PRFL620.jpg,2022-08-01 16:17:50,2022-12-08 16:17:50
PRFL621,USR621,L,08780056409,"Jl. Kendalsari No. 9, Padangpanjang, GO 84590",1982-04-24,https://cdn.dummyumkm.id/photos/PRFL621.jpg,2021-07-03 09:28:24,2021-08-20 09:28:24
PRFL622,USR622,P,08572959272,"Gg. Rajawali Barat No. 1, Tangerang Selatan, SS 02771",2006-02-08,https://cdn.dummyumkm.id/photos/PRFL622.jpg,2023-03-25 18:42:02,2023-12-24 18:42:02
PRFL623,USR623,,08221529821,"Jalan Ahmad Dahlan No. 17, Makassar, KB 30653",1987-10-16,https://cdn.dummyumkm.id/photos/PRFL623.jpg,2023-02-10 17:43:19,2023-04-12 17:43:19
PRFL624,USR624,L,08578153523,"Gang Dr. Djunjunan No. 5, Batu, KR 71397",1996-04-18,https://cdn.dummyumkm.id/photos/PRFL624.jpg,2021-09-17 05:47:21,2022-04-04 05:47:21
PRFL625,USR625,,08575899886,"Jl. Laswi No. 3, Meulaboh, LA 05984",1991-10-23,https://cdn.dummyumkm.id/photos/PRFL625.jpg,2023-11-14 05:01:52,2024-01-03 05:01:52
PRFL626,USR626,L,08526170715,"Gg. Sentot Alibasa No. 2, Makassar, Kepulauan Riau 60071",2000-12-04,https://cdn.dummyumkm.id/photos/PRFL626.jpg,2021-01-20 02:07:57,2021-06-18 02:07:57
PRFL627,USR627,L,,"Jalan Jend. Sudirman No. 7, Denpasar, KR 73015",1976-10-07,https://cdn.dummyumkm.id/photos/PRFL627.jpg,2021-10-06 00:08:49,2021-11-03 00:08:49
PRFL628,USR628,L,08118004635,"Gang Setiabudhi No. 1, Tegal, Riau 28913",2007-02-20,https://cdn.dummyumkm.id/photos/PRFL628.jpg,2023-10-16 14:23:26,2024-07-19 14:23:26
PRFL629,USR629,P,08211723513,"Gg. Pasteur No. 26, Pasuruan, SU 53290",1989-02-17,https://cdn.dummyumkm.id/photos/PRFL629.jpg,2022-05-13 00:02:47,2023-01-28 00:02:47
PRFL630,USR630,,,"Jalan Ronggowarsito No. 9, Malang, DKI Jakarta 16277",1992-07-11,https://cdn.dummyumkm.id/photos/PRFL630.jpg,2023-11-12 23:24:07,2024-01-10 23:24:07
PRFL631,USR631,P,08132939469,"Jalan Cihampelas No. 194, Langsa, Kalimantan Tengah 41530",1989-05-05,https://cdn.dummyumkm.id/photos/PRFL631.jpg,2021-03-13 08:20:31,2021-09-19 08:20:31
PRFL632,USR632,L,,"Gg. Kendalsari No. 44, Jambi, GO 08025",1972-09-25,https://cdn.dummyumkm.id/photos/PRFL632.jpg,2022-04-28 15:39:09,2022-09-14 15:39:09
PRFL633,USR633,P,,"Gang Tebet Barat Dalam No. 51, Sungai Penuh, Jawa Timur 12262",1972-04-11,https://cdn.dummyumkm.id/photos/PRFL633.jpg,2022-03-29 23:27:10,2022-12-03 23:27:10
PRFL634,USR634,L,08531285246,"Gg. Joyoboyo No. 709, Jayapura, KS 23850",1996-03-08,https://cdn.dummyumkm.id/photos/PRFL634.jpg,2022-07-27 02:14:09,2022-11-18 02:14:09
PRFL635,USR635,L,+628533280771,"Gang Jend. Sudirman No. 35, Parepare, Bengkulu 31344",1983-03-28,https://cdn.dummyumkm.id/photos/PRFL635.jpg,2023-04-30 01:12:19,2023-08-11 01:12:19
PRFL636,USR636,L,08532790833,"Jalan Jamika No. 134, Jayapura, Sulawesi Utara 41932",2002-04-12,https://cdn.dummyumkm.id/photos/PRFL636.jpg,2021-02-07 03:26:20,2021-03-13 03:26:20
PRFL637,USR637,P,08210662481,"Gang Kendalsari No. 7, Lubuklinggau, SS 16026",1993-12-17,https://cdn.dummyumkm.id/photos/PRFL637.jpg,2021-01-15 21:43:14,2021-05-23 21:43:14
PRFL638,USR638,L,08228228501,,1989-07-04,https://cdn.dummyumkm.id/photos/PRFL638.jpg,2022-04-23 16:49:39,2022-05-28 16:49:39
PRFL639,USR639,L,08123060906,"Gg. Raya Setiabudhi No. 3, Makassar, Sulawesi Utara 26077",2007-02-08,https://cdn.dummyumkm.id/photos/PRFL639.jpg,2021-04-04 01:03:00,2021-09-15 01:03:00
PRFL640,USR640,P,08576496737,"Jl. Gegerkalong Hilir No. 95, Pariaman, SB 32907",2005-03-03,https://cdn.dummyumkm.id/photos/PRFL640.jpg,2021-12-26 13:55:22,2022-02-01 13:55:22
PRFL641,USR641,P,08582642506,"Gang Pelajar Pejuang No. 8, Kota Administrasi Jakarta Barat, BB 68935",1973-01-21,https://cdn.dummyumkm.id/photos/PRFL641.jpg,2022-12-14 04:33:14,2023-06-16 04:33:14
PRFL642,USR642,P,08216667776,"Jalan Cempaka No. 1, Tangerang Selatan, SU 13979",2007-06-16,https://cdn.dummyumkm.id/photos/PRFL642.jpg,2023-09-17 21:07:20,2024-04-09 21:07:20
PRFL643,USR643,L,08589578654,"Jalan Ahmad Dahlan No. 732, Pariaman, SS 66234",1983-07-22,https://cdn.dummyumkm.id/photos/PRFL643.jpg,2023-10-27 01:41:58,2024-02-15 01:41:58
PRFL644,USR644,L,08576862703,"Gang Otto Iskandardinata No. 91, Samarinda, MA 64603",1998-09-16,https://cdn.dummyumkm.id/photos/PRFL644.jpg,2022-09-03 10:20:14,2023-04-02 10:20:14
PRFL645,USR645,L,08212657327,"Gang Rajawali Timur No. 5, Surabaya, Sumatera Selatan 43833",1980-02-29,https://cdn.dummyumkm.id/photos/PRFL645.jpg,2021-12-29 21:39:28,2022-03-18 21:39:28
PRFL646,USR646,L,08511553234,"Jl. Indragiri No. 738, Mojokerto, JI 63106",1995-08-23,https://cdn.dummyumkm.id/photos/PRFL646.jpg,2021-06-19 06:48:06,2021-06-23 06:48:06
PRFL647,USR647,P,08782226189,"Jl. Suniaraja No. 74, Palopo, Sulawesi Tenggara 65483",1997-04-13,https://cdn.dummyumkm.id/photos/PRFL647.jpg,2021-07-07 13:23:30,2021-10-04 13:23:30
PRFL648,USR648,P,08137102676,"Gg. Pasirkoja No. 695, Lhokseumawe, Sumatera Utara 73477",1988-10-08,https://cdn.dummyumkm.id/photos/PRFL648.jpg,2022-12-21 18:48:47,2023-04-27 18:48:47
PRFL649,USR649,P,+628579551512,"Gg. Antapani Lama No. 450, Bandung, BE 30304",1981-05-07,https://cdn.dummyumkm.id/photos/PRFL649.jpg,2022-04-18 13:57:23,2022-12-03 13:57:23
PRFL650,USR650,P,08581597099,"Gg. Sadang Serang No. 8, Pematangsiantar, Jawa Barat 67709",1966-04-01,https://cdn.dummyumkm.id/photos/PRFL650.jpg,2022-05-25 05:02:00,2022-09-02 05:02:00
PRFL651,USR651,L,08113447650,"Jl. S. Parman No. 77, Malang, Gorontalo 86732",1973-11-26,https://cdn.dummyumkm.id/photos/PRFL651.jpg,2023-03-09 15:09:51,2023-03-21 15:09:51
PRFL652,USR652,P,08119046376,"Gg. Bangka Raya No. 80, Blitar, Kalimantan Utara 87195",1983-11-05,https://cdn.dummyumkm.id/photos/PRFL652.jpg,2021-02-18 06:49:27,2021-04-25 06:49:27
PRFL653,USR653,L,08525254837,"Gg. Stasiun Wonokromo No. 078, Batam, Kepulauan Riau 49329",1980-10-25,https://cdn.dummyumkm.id/photos/PRFL653.jpg,2022-01-24 03:10:52,2022-10-13 03:10:52
PRFL654,USR654,P,+628112131251,"Jl. Gardujati No. 9, Sibolga, SG 13955",1976-11-01,https://cdn.dummyumkm.id/photos/PRFL654.jpg,2021-01-19 13:47:11,2021-07-01 13:47:11
PRFL655,USR655,L,08139751910,"Jalan Merdeka No. 2, Tanjungbalai, PB 28432",1997-11-15,https://cdn.dummyumkm.id/photos/PRFL655.jpg,2022-09-15 06:46:20,2023-03-08 06:46:20
PRFL656,USR656,P,08210165837,"Gg. HOS. Cokroaminoto No. 7, Tarakan, Sulawesi Tengah 12998",2007-10-11,https://cdn.dummyumkm.id/photos/PRFL656.jpg,2023-06-30 12:05:27,2023-07-01 12:05:27
PRFL657,USR657,P,08122342893,"Jalan Setiabudhi No. 0, Binjai, YO 26545",2003-01-12,https://cdn.dummyumkm.id/photos/PRFL657.jpg,2021-11-04 04:40:00,2021-12-05 04:40:00
PRFL658,USR658,P,08964968436,"Jl. Ciwastra No. 108, Lubuklinggau, SB 72076",1989-04-18,https://cdn.dummyumkm.id/photos/PRFL658.jpg,2022-05-31 01:04:33,2022-09-24 01:04:33
PRFL659,USR659,L,08111750961,"Gg. KH Amin Jasuta No. 00, Kota Administrasi Jakarta Selatan, SS 01847",1990-10-23,https://cdn.dummyumkm.id/photos/PRFL659.jpg,2023-06-11 11:57:13,2023-10-17 11:57:13
PRFL660,USR660,,08129457575,"Gang Ciwastra No. 78, Surakarta, NT 98472",1992-06-23,https://cdn.dummyumkm.id/photos/PRFL660.jpg,2022-10-25 19:11:15,2023-04-28 19:11:15
PRFL661,USR661,P,+628527756777,"Gang H.J Maemunah No. 715, Tangerang Selatan, SR 72194",1973-08-11,https://cdn.dummyumkm.id/photos/PRFL661.jpg,2022-11-24 20:30:40,2023-09-20 20:30:40
PRFL662,USR662,P,08136506229,"Jalan Asia Afrika No. 044, Lhokseumawe, GO 26354",1993-01-05,https://cdn.dummyumkm.id/photos/PRFL662.jpg,2023-10-03 12:17:16,2024-03-13 12:17:16
PRFL663,USR663,P,08784337976,"Gang Stasiun Wonokromo No. 37, Sungai Penuh, Jawa Barat 94292",1992-11-04,https://cdn.dummyumkm.id/photos/PRFL663.jpg,2021-05-17 06:29:47,2021-08-26 06:29:47
PRFL664,USR664,L,08133873670,"Gang Bangka Raya No. 59, Surabaya, Kalimantan Barat 41093",1991-12-23,https://cdn.dummyumkm.id/photos/PRFL664.jpg,2023-03-28 19:46:08,2023-05-21 19:46:08
PRFL665,USR665,L,08515259710,"Jl. Pasteur No. 5, Semarang, Jawa Tengah 03053",2006-02-12,https://cdn.dummyumkm.id/photos/PRFL665.jpg,2022-08-18 04:33:43,2022-10-19 04:33:43
PRFL666,USR666,P,08534859532,"Jl. Rajiman No. 27, Pangkalpinang, MU 47757",1980-05-20,https://cdn.dummyumkm.id/photos/PRFL666.jpg,2022-06-19 10:31:17,2022-11-26 10:31:17
PRFL667,USR667,L,+628115816295,"Jl. Yos Sudarso No. 5, Bandar Lampung, Bali 20764",1986-06-20,https://cdn.dummyumkm.id/photos/PRFL667.jpg,2021-02-10 11:41:52,2021-06-17 11:41:52
PRFL668,USR668,P,08117330559,"Jl. Tebet Barat Dalam No. 6, Serang, Papua 02434",1985-01-25,https://cdn.dummyumkm.id/photos/PRFL668.jpg,2021-04-02 00:26:21,2021-08-21 00:26:21
PRFL669,USR669,L,08219914038,"Jl. KH Amin Jasuta No. 08, Singkawang, Maluku Utara 33635",1992-04-07,https://cdn.dummyumkm.id/photos/PRFL669.jpg,2021-12-28 14:00:03,2022-09-28 14:00:03
PRFL670,USR670,P,,"Jalan Kendalsari No. 723, Tarakan, DI Yogyakarta 55438",1965-02-04,https://cdn.dummyumkm.id/photos/PRFL670.jpg,2023-04-10 01:23:20,2023-07-23 01:23:20
PRFL671,USR671,L,+628139751474,"Gg. Siliwangi No. 81, Pematangsiantar, Nusa Tenggara Timur 27324",1978-07-04,https://cdn.dummyumkm.id/photos/PRFL671.jpg,2021-12-07 20:15:24,2022-02-20 20:15:24
PRFL672,USR672,P,08787525680,"Gang Jend. Sudirman No. 196, Mataram, JB 34807",1990-05-18,https://cdn.dummyumkm.id/photos/PRFL672.jpg,2021-09-27 20:27:14,2021-10-05 20:27:14
PRFL673,USR673,L,+628960802711,"Gang Jend. A. Yani No. 60, Sungai Penuh, BA 99134",2006-05-29,https://cdn.dummyumkm.id/photos/PRFL673.jpg,2022-07-12 08:24:16,2022-07-29 08:24:16
PRFL674,USR674,L,08525176808,"Gang Veteran No. 9, Lhokseumawe, Bengkulu 29466",2001-09-22,https://cdn.dummyumkm.id/photos/PRFL674.jpg,2023-06-01 19:34:36,2023-12-02 19:34:36
PRFL675,USR675,L,08223308003,"Jl. BKR No. 361, Tangerang, NT 75258",1965-07-30,https://cdn.dummyumkm.id/photos/PRFL675.jpg,2023-02-04 15:32:32,2023-09-21 15:32:32
PRFL676,USR676,P,+628520847068,"Gang Kutisari Selatan No. 768, Salatiga, KI 32143",1981-02-20,https://cdn.dummyumkm.id/photos/PRFL676.jpg,2021-12-28 08:49:38,2022-06-11 08:49:38
PRFL677,USR677,L,08518263280,"Gang H.J Maemunah No. 727, Sungai Penuh, MU 61363",1971-02-09,https://cdn.dummyumkm.id/photos/PRFL677.jpg,2021-11-09 23:08:11,2022-05-06 23:08:11
PRFL678,USR678,L,08225354614,"Jalan H.J Maemunah No. 38, Pangkalpinang, Bengkulu 69318",1995-09-01,https://cdn.dummyumkm.id/photos/PRFL678.jpg,2022-05-18 16:15:55,2022-08-07 16:15:55
PRFL679,USR679,L,+628219439457,-,1979-08-05,https://cdn.dummyumkm.id/photos/PRFL679.jpg,2021-06-22 07:25:09,2021-08-15 07:25:09
PRFL680,USR680,P,08217657692,"Gg. Sukabumi No. 77, Binjai, Maluku 46280",1969-02-21,https://cdn.dummyumkm.id/photos/PRFL680.jpg,2023-10-26 14:21:06,2024-02-13 14:21:06
PRFL681,USR681,P,08960040476,"Jl. Pelajar Pejuang No. 4, Semarang, Jawa Timur 32492",2004-05-18,https://cdn.dummyumkm.id/photos/PRFL681.jpg,2021-09-02 16:10:13,2022-01-07 16:10:13
PRFL682,USR682,L,08226040142,"Gang HOS. Cokroaminoto No. 5, Langsa, Sulawesi Barat 82026",1997-11-09,https://cdn.dummyumkm.id/photos/PRFL682.jpg,2023-10-06 11:11:40,2024-05-09 11:11:40
PRFL683,USR683,L,08130113798,"Gg. Rajiman No. 4, Surakarta, Bali 79353",1972-12-01,https://cdn.dummyumkm.id/photos/PRFL683.jpg,2023-08-12 08:43:45,2023-08-27 08:43:45
PRFL684,USR684,P,08117676209,"Jalan Jend. Sudirman No. 551, Binjai, LA 37523",1988-03-14,https://cdn.dummyumkm.id/photos/PRFL684.jpg,2022-08-11 19:10:55,2022-09-13 19:10:55
PRFL685,USR685,P,08587009687,"Jl. S. Parman No. 52, Banda Aceh, JB 02615",1969-07-16,https://cdn.dummyumkm.id/photos/PRFL685.jpg,2021-01-03 19:01:50,2021-05-19 19:01:50
PRFL686,USR686,P,+628515882556,"Jl. BKR No. 17, Meulaboh, NB 93771",2001-01-09,https://cdn.dummyumkm.id/photos/PRFL686.jpg,2023-06-01 13:17:26,2024-01-20 13:17:26
PRFL687,USR687,P,08521942557,"Gang Monginsidi No. 7, Denpasar, GO 14369",1966-10-23,https://cdn.dummyumkm.id/photos/PRFL687.jpg,2023-08-08 17:56:29,2024-04-17 17:56:29
PRFL688,USR688,L,08582923616,"Jalan Gegerkalong Hilir No. 707, Subulussalam, AC 73540",1970-06-04,https://cdn.dummyumkm.id/photos/PRFL688.jpg,2022-05-30 10:51:13,2022-08-12 10:51:13
PRFL689,USR689,L,08517155868,,2007-01-04,https://cdn.dummyumkm.id/photos/PRFL689.jpg,2023-09-16 06:45:42,2023-12-09 06:45:42
PRFL690,USR690,P,08133081721,"Gg. Moch. Ramdan No. 7, Tangerang, Kalimantan Utara 09177",1979-08-13,https://cdn.dummyumkm.id/photos/PRFL690.jpg,2022-06-06 13:38:50,2022-07-30 13:38:50
PRFL691,USR691,L,08110413211,"Gg. S. Parman No. 45, Mataram, Sulawesi Selatan 44464",1982-11-21,https://cdn.dummyumkm.id/photos/PRFL691.jpg,2022-02-03 16:54:05,2022-03-24 16:54:05
PRFL692,USR692,L,08226997990,"Jalan Antapani Lama No. 724, Banjarmasin, Sumatera Utara 03348",1993-01-06,https://cdn.dummyumkm.id/photos/PRFL692.jpg,2022-10-14 21:48:22,2023-03-16 21:48:22
PRFL693,USR693,P,08781699570,"Jalan S. Parman No. 6, Kota Administrasi Jakarta Barat, JT 06302",1969-07-07,https://cdn.dummyumkm.id/photos/PRFL693.jpg,2022-06-30 14:50:49,2023-02-27 14:50:49
PRFL694,USR694,L,08127653970,"Gang Joyoboyo No. 3, Tanjungbalai, SR 48579",1981-08-29,https://cdn.dummyumkm.id/photos/PRFL694.jpg,2023-06-17 23:28:14,2023-10-20 23:28:14
PRFL695,USR695,P,08118718274,"Gang Surapati No. 964, Solok, Kalimantan Selatan 80395",1984-07-17,https://cdn.dummyumkm.id/photos/PRFL695.jpg,2021-02-21 21:43:08,2021-04-27 21:43:08
PRFL696,USR696,L,08130495612,"Gg. HOS. Cokroaminoto No. 12, Tual, RI 60765",1966-10-07,https://cdn.dummyumkm.id/photos/PRFL696.jpg,2021-09-22 05:58:53,2022-05-31 05:58:53
PRFL697,USR697,P,,"Gang Tubagus Ismail No. 01, Padang Sidempuan, KS 47108",1988-01-23,https://cdn.dummyumkm.id/photos/PRFL697.jpg,2021-05-25 15:11:39,2021-08-23 15:11:39
PRFL698,USR698,L,08121222990,"Gang Kiaracondong No. 124, Bima, Sumatera Selatan 22361",2002-04-11,https://cdn.dummyumkm.id/photos/PRFL698.jpg,2021-02-18 03:30:37,2021-06-15 03:30:37
PRFL699,USR699,,08586111457,"Jl. Rajawali Barat No. 496, Serang, Sulawesi Tengah 24670",1985-12-14,https://cdn.dummyumkm.id/photos/PRFL699.jpg,2021-09-02 01:15:12,2022-06-07 01:15:12
PRFL700,USR700,L,08785847129,"Gang S. Parman No. 93, Kendari, NB 06385",2002-08-18,https://cdn.dummyumkm.id/photos/PRFL700.jpg,2023-12-20 01:22:37,2024-03-24 01:22:37
PRFL701,USR701,L,,"Jalan Asia Afrika No. 04, Batam, Kalimantan Utara 27779",2000-02-16,https://cdn.dummyumkm.id/photos/PRFL701.jpg,2022-03-14 07:56:27,2022-09-30 07:56:27
PRFL702,USR702,L,+628533377731,"Gg. Cihampelas No. 418, Madiun, JT 58793",1968-02-06,https://cdn.dummyumkm.id/photos/PRFL702.jpg,2023-02-02 15:52:42,2023-04-13 15:52:42
PRFL703,USR703,L,,"Jalan Laswi No. 31, Pagaralam, Aceh 32785",1969-04-08,https://cdn.dummyumkm.id/photos/PRFL703.jpg,2023-10-26 09:54:10,2024-01-08 09:54:10
PRFL704,USR704,P,+628214606056,"Gang Cempaka No. 413, Madiun, SU 66788",1987-01-04,https://cdn.dummyumkm.id/photos/PRFL704.jpg,2023-09-19 09:28:20,2024-04-17 09:28:20
PRFL705,USR705,P,08968623984,"Gang Kiaracondong No. 8, Denpasar, Sulawesi Tengah 84055",1977-01-26,https://cdn.dummyumkm.id/photos/PRFL705.jpg,2022-09-10 10:39:24,2023-01-03 10:39:24
PRFL706,USR706,L,,"Jalan Cikutra Barat No. 1, Kota Administrasi Jakarta Barat, Sumatera Barat 94130",1999-02-20,https://cdn.dummyumkm.id/photos/PRFL706.jpg,2023-04-26 06:29:19,2023-07-09 06:29:19
PRFL707,USR707,P,08538769899,"Jalan Rungkut Industri No. 75, Pangkalpinang, ST 96776",1991-06-08,https://cdn.dummyumkm.id/photos/PRFL707.jpg,2022-11-24 11:42:24,2023-08-25 11:42:24
PRFL708,USR708,L,08124444983,"Jalan Jend. Sudirman No. 4, Samarinda, Bali 46641",1998-10-04,https://cdn.dummyumkm.id/photos/PRFL708.jpg,2022-02-22 04:43:00,2022-08-16 04:43:00
PRFL709,USR709,P,08524496392,"Jl. Raya Ujungberung No. 4, Depok, NB 27124",2002-02-06,https://cdn.dummyumkm.id/photos/PRFL709.jpg,2021-05-14 03:24:00,2021-08-20 03:24:00
PRFL710,USR710,L,08968214339,"Jl. Joyoboyo No. 068, Metro, Jambi 27813",1977-07-25,https://cdn.dummyumkm.id/photos/PRFL710.jpg,2023-07-06 02:35:43,2024-04-14 02:35:43
PRFL711,USR711,L,08967852491,"Gg. Astana Anyar No. 56, Depok, JK 84326",1970-09-23,https://cdn.dummyumkm.id/photos/PRFL711.jpg,2022-10-13 07:44:05,2023-05-01 07:44:05
PRFL712,USR712,,08228963406,"Gang Kapten Muslihat No. 792, Kotamobagu, Kalimantan Tengah 64600",1965-02-13,https://cdn.dummyumkm.id/photos/PRFL712.jpg,2022-01-02 01:22:16,2022-08-22 01:22:16
PRFL713,USR713,P,+628110141884,"Jl. Pelajar Pejuang No. 1, Bandung, KT 91317",1965-10-17,https://cdn.dummyumkm.id/photos/PRFL713.jpg,2021-02-23 22:46:19,2021-05-05 22:46:19
PRFL714,USR714,P,08523339994,"Gg. Cihampelas No. 4, Sibolga, Kalimantan Timur 20679",1966-09-22,https://cdn.dummyumkm.id/photos/PRFL714.jpg,2023-08-22 13:27:28,2023-08-27 13:27:28
PRFL715,USR715,L,08523890219,"Jl. Jamika No. 46, Lhokseumawe, Maluku 42066",1969-07-26,https://cdn.dummyumkm.id/photos/PRFL715.jpg,2021-09-17 16:21:17,2022-01-07 16:21:17
PRFL716,USR716,P,08132341034,"Gg. Rungkut Industri No. 4, Depok, Nusa Tenggara Barat 18057",1982-07-30,https://cdn.dummyumkm.id/photos/PRFL716.jpg,2021-05-02 17:47:24,2021-11-26 17:47:24
PRFL717,USR717,L,08136960843,"Jalan Dr. Djunjunan No. 5, Mojokerto, BE 15291",1988-10-15,https://cdn.dummyumkm.id/photos/PRFL717.jpg,2023-07-14 08:59:04,2023-08-24 08:59:04
PRFL718,USR718,P,08512196263,"Gg. Waringin No. 7, Tual, MU 99609",1979-03-20,https://cdn.dummyumkm.id/photos/PRFL718.jpg,2021-05-16 04:37:05,2021-11-30 04:37:05
PRFL719,USR719,P,08119317069,"Jalan Stasiun Wonokromo No. 52, Subulussalam, Sumatera Selatan 74291",1979-07-08,https://cdn.dummyumkm.id/photos/PRFL719.jpg,2023-03-19 07:22:46,2023-09-29 07:22:46
PRFL720,USR720,L,08225472239,"Gang KH Amin Jasuta No. 36, Cilegon, Aceh 81494",1990-01-15,https://cdn.dummyumkm.id/photos/PRFL720.jpg,2023-03-23 18:31:25,2023-05-07 18:31:25
PRFL721,USR721,P,08780418472,"Gang Kapten Muslihat No. 28, Bandar Lampung, Sulawesi Selatan 97702",1994-06-17,https://cdn.dummyumkm.id/photos/PRFL721.jpg,2023-07-03 07:46:23,2023-10-28 07:46:23
PRFL722,USR722,L,,"Jl. Monginsidi No. 364, Pasuruan, JI 99385",1999-03-09,https://cdn.dummyumkm.id/photos/PRFL722.jpg,2023-05-25 02:22:15,2023-10-31 02:22:15
PRFL723,USR723,P,08133039111,"Gang Abdul Muis No. 1, Dumai, RI 47949",2002-11-04,https://cdn.dummyumkm.id/photos/PRFL723.jpg,2022-06-19 04:22:19,2023-03-26 04:22:19
PRFL724,USR724,P,08210524808,"Jl. Stasiun Wonokromo No. 97, Bitung, Jawa Tengah 46404",1989-09-15,https://cdn.dummyumkm.id/photos/PRFL724.jpg,2023-08-04 23:45:16,2023-11-03 23:45:16
PRFL725,USR725,P,08519473721,"Gg. Jend. Sudirman No. 92, Palangkaraya, ST 14582",1967-11-27,https://cdn.dummyumkm.id/photos/PRFL725.jpg,2023-11-24 14:32:35,2024-01-30 14:32:35
PRFL726,USR726,L,08576886878,"Jalan KH Amin Jasuta No. 104, Lubuklinggau, Banten 14757",1980-10-26,https://cdn.dummyumkm.id/photos/PRFL726.jpg,2023-12-09 16:13:07,2024-05-04 16:13:07
PRFL727,USR727,P,08113195419,"Jalan Laswi No. 783, Tegal, Riau 76115",1984-03-11,https://cdn.dummyumkm.id/photos/PRFL727.jpg,2022-08-02 13:35:44,2022-10-26 13:35:44
PRFL728,USR728,P,+628137924632,"Gg. Bangka Raya No. 48, Bekasi, Bali 39780",1969-07-02,https://cdn.dummyumkm.id/photos/PRFL728.jpg,2023-02-03 16:53:33,2023-02-11 16:53:33
PRFL729,USR729,L,+628136032145,"Gg. Moch. Ramdan No. 6, Jayapura, Kalimantan Selatan 01445",1992-05-19,https://cdn.dummyumkm.id/photos/PRFL729.jpg,2021-07-28 18:15:19,2022-03-23 18:15:19
PRFL730,USR730,L,08530715534,"Gang Gedebage Selatan No. 373, Sorong, JI 80212",1980-04-05,https://cdn.dummyumkm.id/photos/PRFL730.jpg,2022-02-23 12:42:17,2022-07-23 12:42:17
PRFL731,USR731,P,08536597595,"Gang Ahmad Yani No. 8, Metro, Sumatera Barat 90397",1989-08-09,https://cdn.dummyumkm.id/photos/PRFL731.jpg,2021-11-25 09:12:32,2021-12-25 09:12:32
PRFL732,USR732,P,+628781265742,"Gg. Rungkut Industri No. 6, Metro, KS 62462",1978-05-29,https://cdn.dummyumkm.id/photos/PRFL732.jpg,2022-08-04 20:22:58,2023-04-24 20:22:58
PRFL733,USR733,L,08963626894,"Gg. Dipatiukur No. 46, Bontang, Kalimantan Utara 74575",1984-02-08,https://cdn.dummyumkm.id/photos/PRFL733.jpg,2023-02-27 06:41:50,2023-03-20 06:41:50
PRFL734,USR734,P,08137117595,"Gang Suryakencana No. 1, Tangerang Selatan, Sulawesi Utara 84858",1998-09-27,https://cdn.dummyumkm.id/photos/PRFL734.jpg,2021-02-14 23:15:56,2021-10-19 23:15:56
PRFL735,USR735,P,08139849330,"Gang Abdul Muis No. 5, Tanjungpinang, BA 44101",1983-08-22,https://cdn.dummyumkm.id/photos/PRFL735.jpg,2022-01-23 13:40:16,2022-07-11 13:40:16
PRFL736,USR736,L,08221283337,"Jl. Rumah Sakit No. 8, Palangkaraya, MA 06390",1968-01-02,https://cdn.dummyumkm.id/photos/PRFL736.jpg,2022-03-02 14:37:17,2022-03-28 14:37:17
PRFL737,USR737,L,+628967150666,"Gg. R.E Martadinata No. 614, Pagaralam, Nusa Tenggara Barat 50183",1992-05-28,https://cdn.dummyumkm.id/photos/PRFL737.jpg,2021-07-12 10:18:53,2021-12-28 10:18:53
PRFL738,USR738,L,08529366343,"Jl. Waringin No. 449, Cirebon, Jawa Barat 98928",1984-07-08,https://cdn.dummyumkm.id/photos/PRFL738.jpg,2023-01-08 05:42:36,2023-05-08 05:42:36
PRFL739,USR739,L,,"Jalan Rawamangun No. 5, Payakumbuh, SS 38054",1966-04-30,https://cdn.dummyumkm.id/photos/PRFL739.jpg,2022-02-06 19:32:27,2022-03-20 19:32:27
PRFL740,USR740,L,+628515910245,"Jl. Rawamangun No. 44, Samarinda, Bali 44160",1988-02-18,https://cdn.dummyumkm.id/photos/PRFL740.jpg,2021-09-11 01:37:41,2021-10-07 01:37:41
PRFL741,USR741,L,08531494981,,1986-11-29,https://cdn.dummyumkm.id/photos/PRFL741.jpg,2023-10-03 16:04:18,2023-12-29 16:04:18
PRFL742,USR742,P,08525277584,"Jl. Pasirkoja No. 00, Sungai Penuh, SN 06306",2000-11-02,https://cdn.dummyumkm.id/photos/PRFL742.jpg,2021-02-01 03:36:21,2021-10-22 03:36:21
PRFL743,USR743,L,+628532201091,"Gang Rawamangun No. 8, Medan, Bali 80798",2004-02-16,https://cdn.dummyumkm.id/photos/PRFL743.jpg,2023-10-03 15:45:39,2024-03-09 15:45:39
PRFL744,USR744,L,08587661894,"Gang Ronggowarsito No. 210, Kota Administrasi Jakarta Barat, Sulawesi Barat 64970",1977-09-12,https://cdn.dummyumkm.id/photos/PRFL744.jpg,2022-04-20 12:21:46,2022-10-07 12:21:46
PRFL745,USR745,P,,"Gg. Bangka Raya No. 385, Kotamobagu, Lampung 88669",1992-03-14,https://cdn.dummyumkm.id/photos/PRFL745.jpg,2022-08-08 20:01:19,2022-11-14 20:01:19
PRFL746,USR746,L,08532565920,"Gang Antapani Lama No. 9, Tanjungbalai, Sulawesi Tengah 66725",1970-05-13,https://cdn.dummyumkm.id/photos/PRFL746.jpg,2023-11-18 23:42:09,2024-06-08 23:42:09
PRFL747,USR747,P,+628218974326,"Jalan Raya Setiabudhi No. 647, Parepare, Sumatera Selatan 47997",1979-06-03,https://cdn.dummyumkm.id/photos/PRFL747.jpg,2023-03-06 14:36:48,2023-08-24 14:36:48
PRFL748,USR748,L,08135848689,"Jl. Setiabudhi No. 213, Padangpanjang, Nusa Tenggara Timur 66928",1990-12-25,https://cdn.dummyumkm.id/photos/PRFL748.jpg,2023-07-12 09:26:41,2023-07-13 09:26:41
PRFL749,USR749,P,08228704506,"Gg. S. Parman No. 1, Mataram, JI 36961",1965-06-07,https://cdn.dummyumkm.id/photos/PRFL749.jpg,2022-06-07 09:33:47,2023-01-25 09:33:47
PRFL750,USR750,L,08963744039,"Jalan Moch. Ramdan No. 809, Subulussalam, Sulawesi Barat 75155",1993-05-01,https://cdn.dummyumkm.id/photos/PRFL750.jpg,2023-10-10 00:25:49,2024-07-28 00:25:49
PRFL2293,USR016,P,+628527621202,"Gg. Suniaraja No. 3, Gorontalo, Kepulauan Bangka Belitung 09213",1965-06-23,https://cdn.dummyumkm.id/photos/PRFL016.jpg,2023-04-15 03:42:17,2023-11-05 03:42:17
PRFL2563,USR186,,08219834301,"Gang K.H. Wahid Hasyim No. 093, Sungai Penuh, Sumatera Selatan 80202",1992-08-26,https://cdn.dummyumkm.id/photos/PRFL186.jpg,2022-12-11 19:30:48,2023-01-27 19:30:48
PRFL2355,USR106,,,"Jl. Sentot Alibasa No. 849, Padang Sidempuan, KI 44403",1988-05-27,https://cdn.dummyumkm.id/photos/PRFL106.jpg,2023-11-06 01:24:57,2024-05-25 01:24:57
PRFL2678,USR106,,,"Jl. Sentot Alibasa No. 849, Padang Sidempuan, KI 44403",1979-02-26,https://cdn.dummyumkm.id/photos/PRFL106.jpg,2023-11-06 01:24:57,2024-05-25 01:24:57
PRFL1973,USR290,P,+628214258323,"Jalan Jakarta No. 042, Kediri, BE 27568",1990-03-01,https://cdn.dummyumkm.id/photos/PRFL290.jpg,2023-09-08 01:09:22,2024-03-10 01:09:22
PRFL2314,USR696,L,08130495612,"Gg. HOS. Cokroaminoto No. 12, Tual, RI 60765",1970-02-20,https://cdn.dummyumkm.id/photos/PRFL2314.jpg,2021-09-22 05:58:53,2022-05-31 05:58:53
PRFL1775,USR657,L,08122342893,"Jalan Setiabudhi No. 0, Binjai, YO 26545",1981-06-27,https://cdn.dummyumkm.id/photos/PRFL657.jpg,2021-11-04 04:40:00,2021-12-05 04:40:00
PRFL1782,USR180,P,08780468275,"Gang Astana Anyar No. 65, Bontang, NT 17954",1995-08-11,https://cdn.dummyumkm.id/photos/PRFL180.jpg,2023-05-08 08:58:21,2023-09-26 08:58:21
PRFL2388,USR545,L,08968830597,"Gg. Monginsidi No. 9, Makassar, MU 43714",1994-11-13,https://cdn.dummyumkm.id/photos/PRFL545.jpg,2021-09-06 18:17:31,2021-12-13 18:17:31
PRFL2252,USR424,L,08571720849,"Gg. K.H. Wahid Hasyim No. 61, Metro, DKI Jakarta 06084",1982-07-06,https://cdn.dummyumkm.id/photos/PRFL424.jpg,2022-05-29 16:47:48,2022-09-08 16:47:48
PRFL2598,USR117,L,08786025922,"Jl. Sentot Alibasa No. 303, Kota Administrasi Jakarta Pusat, Aceh 76583",1968-03-25,https://cdn.dummyumkm.id/photos/PRFL117.jpg,2021-09-12 09:37:54,2022-05-31 09:37:54
PRFL1859,USR633,P,,"Gang Tebet Barat Dalam No. 51, Sungai Penuh, Jawa Timur 12262",1978-07-31,https://cdn.dummyumkm.id/photos/PRFL633.jpg,2022-03-29 23:27:10,2022-12-03 23:27:10
PRFL2367,USR750,L,08963744039,"Jalan Moch. Ramdan No. 809, Subulussalam, Sulawesi Barat 75155",2007-11-21,https://cdn.dummyumkm.id/photos/PRFL750.jpg,2023-10-10 00:25:49,2024-07-28 00:25:49
PRFL2180,USR109,P,08783248262,"Jalan Moch. Ramdan No. 190, Palopo, NT 20742",1979-05-12,https://cdn.dummyumkm.id/photos/PRFL109.jpg,2021-10-10 07:20:57,2021-12-16 07:20:57
PRFL2686,USR051,,08138699041,"Jalan Pelajar Pejuang No. 411, Malang, Riau 30643",1978-06-14,https://cdn.dummyumkm.id/photos/PRFL051.jpg,2023-05-25 13:55:27,2024-02-11 13:55:27
